<rom base="NISSAN_BASE">
	<romid>
		<xmlid>4y916</xmlid>
		<hwid>1ZVMAT0NH</hwid>
		<internalidaddress>23c1</internalidaddress>
		<internalidstring>4y916</internalidstring>
		<ecuid>4y916</ecuid>
		<year>2001</year>
		<market>USDM</market>
		<make>Nissan</make>
		<model>Maxima</model>
		<submodel>NA</submodel>
		<transmission>MT</transmission>
		<memmodel>SH705507</memmodel>
		<flashmethod>nisprog</flashmethod>
		<filesize>512kb</filesize>
	</romid>


	<table name="High Octane Ignition Trim" storageaddress="0x00EA8">
		<table type="X Axis" storageaddress="0x26da" />
		<table type="Y Axis" storageaddress="0x26ea" />
	</table>

	<table name="Regular Ignition Trim" storageaddress="0x00FA8">
		<table type="X Axis" storageaddress="0x26da" />
		<table type="Y Axis" storageaddress="0x26ea" />
	</table>

	<table name="Fuel Compensation" storageaddress="0x1378">
		<table type="X Axis" storageaddress="0x25fc" />
		<table type="Y Axis" storageaddress="0x25c8" />
	</table>

	<table name="Fuel Target" storageaddress="0x1608">
		<table type="X Axis" storageaddress="0x2483" />
		<table type="Y Axis" storageaddress="0x25c0" />
	</table>

	<table name="Rev Limit (Fuel Cut)" storageaddress="0xd9c"/>
	<table name="Rev Limit (Fuel Restore)" storageaddress="0xda0"/>

	<table name="Fuel Injection Multiplier" storageaddress="0xd58"/>
	<table name="mTP100" storageaddress="0xdfc"/>
	<table name="MAF" storageaddress="0x333e"/>

	<checksum type="std" start="0" end="0x7FFFF" sumloc="0xe44" xorloc="0xe38" />
	s27 0x88733BA0 s36 0x704387BA
</rom>
