﻿<rom base="NISSAN_BASE">
	<romid>
		<xmlid>5Y702</xmlid>
		<hwid>1TKE8Z5N53</hwid>
		<internalidaddress>6B7C</internalidaddress>
		<internalidstring>5Y702</internalidstring>
		<ecuid>5Y702</ecuid>
		<year>02</year>
		<market>USDM</market>
		<make>Nissan</make>
		<model>Maxima</model>
		<submodel>Base</submodel>
		<transmission>MT</transmission>
		<memmodel>SH7055</memmodel>
		<flashmethod>nisprog</flashmethod>
		<filesize>512kb</filesize>
	</romid>


	<table name="Cold Ignition Trim" storageaddress="0x51e5">
		<table type="X Axis" storageaddress="0x6e2c" />
		<table type="Y Axis" storageaddress="0x6e3c" />
	</table>
	<table name="High Octane Ignition Trim" storageaddress="0x52E5">
		<table type="X Axis" storageaddress="0x6e2c" />
		<table type="Y Axis" storageaddress="0x6e3c" />
	</table>
	<table name="Regular Ignition Trim" storageaddress="0x53e5">
		<table type="X Axis" storageaddress="0x6e2c" />
		<table type="Y Axis" storageaddress="0x6e3c" />
	</table>

	<table name="Fuel Compensation" storageaddress="0x56a5">
		<table type="X Axis" storageaddress="0x6d82" />
		<table type="Y Axis" storageaddress="0x6d26" />
	</table>
	<table name="Fuel Target" storageaddress="0x58B5">
		<table type="X Axis" storageaddress="0x6D1E" />
		<table type="Y Axis" storageaddress="0x6C09" />
	</table>

	<table name="Intake Cam Timing (16x16)" storageaddress="0x59f5">
		<table type="X Axis" storageaddress="0x76a0" />
		<table type="Y Axis" storageaddress="0x7690" />
	</table>

	<table name="Rev Limit (Fuel Cut - 3D)" storageaddress="0x4F6C"/>

	<table name="MAF" storageaddress="0x789c"/>

	<table name="Speed Limiter" storageaddress="0x4fba"/>

	<table name="Idle Target" storageaddress="0x72ea"/>

	<table name="Idle Target 2" storageaddress="0x730e"/>

	<table name="Fuel Injection Multiplier" storageaddress="0x4f16"/>

	<table name="QH0/ torque conversion map" storageaddress="0x6390">
		<table type="X Axis" storageaddress="0x787c" />
		<table type="Y Axis" storageaddress="0x6d3e" />   
	</table>

	<table name="QH0/ torque conversion map 2" storageaddress="0x850e">
		<table type="X Axis" storageaddress="0x87dc" />
		<table type="Y Axis" storageaddress="0x874b" />   
	</table>


	<checksum type="std" start="0" end="0x7FFFF" sumloc="0x50dc" xorloc="0x50d4" />

</rom>
