<rom base="NISSAN_BASE">
	<romid>
		<xmlid>5Y703</xmlid>
		<hwid>1TKE8Z5N59</hwid>
		<internalidaddress>6C61</internalidaddress>
		<internalidstring>5Y703</internalidstring>
		<ecuid>5Y703</ecuid>
		<year>02</year>
		<market>USDM</market>
		<make>Nissan</make>
		<model>Maxima</model>
		<submodel>Base</submodel>
		<transmission>MT</transmission>
		<memmodel>SH7055</memmodel>
		<flashmethod>nisprog</flashmethod>
		<filesize>512kb</filesize>
	</romid>

	<table name="Cold Ignition Trim" storageaddress="0x52c9">
		<table type="X Axis" storageaddress="0x6f21" />
		<table type="Y Axis" storageaddress="0x6f31" />
	</table>

	<table name="High Octane Ignition Trim" storageaddress="0x53c9">
		<table type="X Axis" storageaddress="0x6f21" />
		<table type="Y Axis" storageaddress="0x6f31" />
	</table>

	<table name="Regular Ignition Trim" storageaddress="0x54c9">
		<table type="X Axis" storageaddress="0x6f21" />
		<table type="Y Axis" storageaddress="0x6f31" />
	</table>

	<table name="Fuel Compensation" storageaddress="0x5789">
		<table type="X Axis" storageaddress="0x6e77" />
		<table type="Y Axis" storageaddress="0x6e1b" />
	</table>

	<table name="Fuel Target" storageaddress="0x5999">
		<table type="X Axis" storageaddress="0x6cfe" />
		<table type="Y Axis" storageaddress="0x6d13" />
	</table>

	<table name="Intake Cam Timing (16x16)" storageaddress="0x5ad9">
		<table type="X Axis" storageaddress="0x7785" />
		<table type="Y Axis" storageaddress="0x7795" />
	</table>

	<table name="Rev Limit (Fuel Cut - 3D)" storageaddress="0x5062">
	</table>
	<table name="MAF" storageaddress="0x7992">
	</table>

	<table name="Fuel Injection Multiplier" storageaddress="0x500c">
	</table>

	<checksum type="std" start="0" end="0x7FFFF" sumloc="0x51C0" xorloc="0x51B8" />

</rom>
