<rom base="NISSAN_BASE">
	<romid>
		<xmlid>6GE2C</xmlid>
		<hwid>2FZ35YN21</hwid>
		<internalidaddress>8204</internalidaddress>
		<internalidstring>16GE2C</internalidstring>
		<ecuid>6GE2C</ecuid>
		<year>2017</year>
		<market>US</market>
		<make>Nissan</make>
		<model>370Z</model>
		<submodel>?</submodel>
		<transmission>?</transmission>
		<memmodel>SH7059</memmodel>
		<flashmethod>nis-can</flashmethod>
		<filesize>1536kb</filesize>
	</romid>

  <checksum type="alt2" start="0x8204" end="0x17FFFF" sumloc="0x9a2c" xorloc="0x9a24"/>

</rom>
