<rom base="NISSAN_BASE">
<!--DON'T USE THIS ROM, FLASH TO 6Y303-->
	<romid>
		<xmlid>6Y300</xmlid>
		<hwid>1TKE8Z5N56</hwid>
		<internalidaddress>6C39</internalidaddress>
		<internalidstring>6Y300</internalidstring>
		<ecuid>6Y300</ecuid>
		<year>03</year>
		<market>USDM</market>
		<make>Nissan</make>
		<model>Maxima</model>
		<submodel>Base</submodel>
		<transmission>MT</transmission>
		<memmodel>SH7055</memmodel>
		<flashmethod>nisprog</flashmethod>
		<filesize>512kb</filesize>
	</romid>


	<table name="Cold Ignition Trim" storageaddress="0x52a1">
		<table type="X Axis" storageaddress="0x6ef9" />
		<table type="Y Axis" storageaddress="0x6f09" />
	</table>

	<table name="High Octane Ignition Trim" storageaddress="0x53a1">
		<table type="X Axis" storageaddress="0x6ef9" />
		<table type="Y Axis" storageaddress="0x6f09" />
	</table>

	<table name="Regular Ignition Trim" storageaddress="0x54a1">
		<table type="X Axis" storageaddress="0x6ef9" />
		<table type="Y Axis" storageaddress="0x6f09" />
	</table>

	<table  name="MBT Flame Speed"  storageaddress="0x5601">
		<table type="X Axis" storageaddress="0x6CCE" />
		<table type="Y Axis" storageaddress="0x6CD2" />
	</table>

	<table  name="Fresh air rate"  storageaddress="0x5611">
		<table type="X Axis" storageaddress="0x6CCE" />
		<table type="Y Axis" storageaddress="0x6CD2" />
	</table>

	<table name="Knock Slice Table" storageaddress="0x6ACC"/>
	<table name="High Octane Knock Limit" storageaddress="0x6D96"/>
	<table name="Regular Knock Limit" storageaddress="0x6D9F"/>

	<table name="Fuel Compensation" storageaddress="0x5761">
		<table type="X Axis" storageaddress="0x6e4f" />
		<table type="Y Axis" storageaddress="0x6df3" />
	</table>

	<table name="Fuel Target" storageaddress="0x5971">
		<table type="X Axis" storageaddress="0x6cd6" />
		<table type="Y Axis" storageaddress="0x6deb" />
	</table>

	<table name="OL Fueling Target Rate" storageaddress="0x72D9"/>

	<table name="Learning map TP shaft lattice point table" storageaddress="0x7301"/>
	<table name="Learning map N shaft lattice point table" storageaddress="0x73AF"/>

	<table name="Intake Cam Timing (16x16)" storageaddress="0x5ab1">
		<table type="X Axis" storageaddress="0x775d" />
		<table type="Y Axis" storageaddress="0x776d" />
	</table>

	<table name="Intake Cam Timing (4x4)" storageaddress="0x59D1">
		<table type="X Axis" storageaddress="0x778D" />
		<table type="Y Axis" storageaddress="0x7791" />
	</table>

	<table name="Rev Limit (Fuel Cut - 3D)" storageaddress="0x5026"/>
	<table name="Rev Limiter Fuel Cut Delay" storageaddress="0x4D4E"/>

	<table name="MSATHA" storageaddress="0x5c21">
		<table type="X Axis" storageaddress="0x6d36" />
		<table type="Y Axis" storageaddress="0x6d12" />
	</table>

	<table name="MSATHB" storageaddress="0x5d21">
		<table type="X Axis" storageaddress="0x6d36" />
		<table type="Y Axis" storageaddress="0x6d12" />
	</table>

	<table name="MSATH" storageaddress="0x5e21">
		<table type="X Axis" storageaddress="0x6d36" />
		<table type="Y Axis" storageaddress="0x6d12" />
	</table>

	<table name="MAF" storageaddress="0x796a"/>
	<table name="MAF factor" storageaddress="0x4BE9"/>
	<table name="MAF offset" storageaddress="0x504E"/>

	<table name="Fuel Cut Bosch" storageaddress="0x73B7"/>
	<table name="Fuel Cut JECS" storageaddress="0x73D8"/>
	<table name="Fuel Restore Bosch" storageaddress="0x74B3"/>
	<table name="Fuel Restore JECS" storageaddress="0x742B"/>

	<table name="Cranking Advance" storageaddress="0x6FA0" />
	<table name="High Temp Fuel Comp" storageaddress="0x5291">
		<table type="X Axis" storageaddress="0x6CDE" />
		<table type="Y Axis" storageaddress="0x6CE2" />
	</table>

	<table name="Idle Target" storageaddress="0x73f3"/>

	<table name="Fuel Injection Multiplier" storageaddress="0x4FD0">
	</table>
	<table name="Speed Limiter" storageaddress="0x5074" />

	<table name="mMTFDD" storageaddress="0x604C">
		<table type="X Axis" storageaddress="0x78F6" />
		<table type="Y Axis" storageaddress="0x78D6" />
	</table>
	<table name="mMTFDDS" storageaddress="0x624C">
		<table type="X Axis" storageaddress="0x78F6" />
		<table type="Y Axis" storageaddress="0x78D6" />
	</table>

	<table name="QH0/ torque conversion map" storageaddress="0x644c">
		<table type="X Axis" storageaddress="0x794a" />
		<table type="Y Axis" storageaddress="0x6e0b" />
	</table>

	<table name="QH0/ torque conversion map 2" storageaddress="0x85dc">
		<table type="X Axis" storageaddress="0x88b0" />
		<table type="Y Axis" storageaddress="0x8820" />
	</table>

	<table name="Engine torque value map" storageaddress="0x68CC"/>
	<table name="Fuel Cut Prohibition Speed" storageaddress="0x7711"/>
	<table name="Fuel Cut Timing Retard Delay" storageaddress="0x70AD"/>

	<table name="mMTFDDS_S" storageaddress="0x81dc">
		<table type="X Axis" storageaddress="0x8890" />
		<table type="Y Axis" storageaddress="0x8870" />
	</table>

	<table name="mMTFDD_S" storageaddress="0x83dc">
		<table type="X Axis" storageaddress="0x8890" />
		<table type="Y Axis" storageaddress="0x8870" />
	</table>

	<table name="Dwell RPM table" storageaddress="0x7055" />
	<table name="Dwell battery table" storageaddress="0x705D" />
	<table name="mTDENS" storageaddress="0x6FF9"/>
	<table name="mTFLTW" storageaddress="0x70CD"/>
	<table name="mDILU" storageaddress="0x484A"/>
	<table name="mMBTM" storageaddress="0x4AA7"/>
	<table name="mMBTT" storageaddress="0x4AA8"/>
	<table name="mTAU0" storageaddress="0x4CB6"/>
	<table name="mVIASN0A" storageaddress="0x4DE5"/>
	<table name="mVIASN1A" storageaddress="0x4DE6"/>
	<table name="mVIAST1A" storageaddress="0x4DE8"/>
	<table name="mTP100" storageaddress="0x5098"/>
	<table name="MAF idle voltage limits (USRV)" storageaddress="0x50D0" />
	<table name="MAF voltage limits" storageaddress="0x4E9E" />
	<table name="MAF low voltage range_w" storageaddress="0x5010" />
	<table name="Fuel correction limits, % (MALPRV)" storageaddress="0x4C5E" />
	<table name="Idle BFS limits, ms (TPRV)" storageaddress="0x509E" />
	<table name="Injector Latency at 14V" storageaddress="0x4D78" />
	<table name="Fuel Injector Latency Adder" storageaddress="0x48BE" />
	<table name="Load Base Fuel Schedule" storageaddress="0x7b0a"/>
	<table name="Individual Cylinder Fuel Trims" storageaddress="0x74D7" sizey="6"/>
	<table name="Minimum Injector Pulse Width" storageaddress="0x508C"/>
	<table name="Master Fueling Transition Delay" storageaddress="0x4a53"/>

	<table name="Cranking Advance" storageaddress="0x6FA0" />
	<table name="High Temp Fuel Comp" storageaddress="0x5291">
		<table type="X Axis" storageaddress="0x6CDE" />
		<table type="Y Axis" storageaddress="0x6CE2" />
	</table>
	
	<table name="ASCD Max Set Speed" storageaddress="0x5108"/>
	<table name="ASCD Min Set Speed" storageaddress="0x5114"/>
	<table name="ASCD Max Calc Speed" storageaddress="0x5168"/>
	<table name="ASCD Min Calc Speed" storageaddress="0x516c"/>
	
	<table name="Knock sensor CEL (P0327, P0328)" storageaddress="0x80B2" />
	<table name="Catalyst CEL Fix (P0420, P0430)" storageaddress="0x8030" />
	<table name="Catalyst DTC Max Threshold Fix (P0420, P0430)" storageaddress="0x4805" />
	<table name="Catalyst DTC Min Threshold Fix (P0420, P0430)" storageaddress="0x6F91" />
	<table name="Secondary O2 Heaters DTC Fix (P0037, P0038, P0057, P0058)" storageaddress="0x4C3C" />
	<table name="VIAS Solenoid CEL (P1800)" storageaddress="0x81AA" />

	<table name="Catalyst DTCs" storageaddress="0x87E2"/>
	<table name="Evap DTCs" storageaddress="0x87EB"/>
	<table name="Evap 2 DTCs"  storageaddress="0x87EC"/>
	<table name="VIAS DTCs"  storageaddress="0x87F0"/>
	<table name="Power Steering DTC"  storageaddress="0x87F6"/>
	<table name="Primary O2 DTCs" storageaddress="0x880C"/>
	<table name="Primary O2 Idle DTCs" storageaddress="0x880D"/>
	<table name="Secondary O2 DTCs" storageaddress="0x880E"/>
	<table name="Secondary O2 Knock DTCs" storageaddress="0x880F"/>
	<table name="Fuel Evap Purge Solenoid DTCs" storageaddress="0x8812"/>
	<table name="Evap Pressure Flow DTCs" storageaddress="0x8814"/>
	<table name="Evap Leaks DTCs"  storageaddress="0x8815"/>

	<table name="CID1100 supmask"  storageaddress="0x6E68"/>
	<table name="CID1120 supmask"  storageaddress="0x6E74"/>
	<table name="CID1140 supmask"  storageaddress="0x6E6C"/>
	<table name="CID1160 supmask"  storageaddress="0x6E70"/>
	<table name="CID1200 supmask"  storageaddress="0x6E80"/>
	<table name="CID1220 supmask"  storageaddress="0x6E84"/>
	<table name="CID1300 supmask"  storageaddress="0x6E88"/>
	<table name="CID1301 supmask"  storageaddress="0x6EB0"/>
	<table name="CID1302 supmask"  storageaddress="0x6EAC"/>
	<table name="CID1303 supmask"  storageaddress="0x6EAC"/>
	<table name="CID1304 supmask"  storageaddress="0x6EAE"/>
	<table name="CID1305 supmask"  storageaddress="0x6EAF"/>
	<table name="CID1306 supmask"  storageaddress="0x6C21"/>
	<table name="CID1307 supmask"  storageaddress="0x6C22"/>
	<table name="CID1308 supmask"  storageaddress="0x6C23"/>
	<table name="CID1309 supmask"  storageaddress="0x6C24"/>
	<table name="CID130A supmask"  storageaddress="0x6C25"/>
	<table name="CID130B supmask"  storageaddress="0x6C26"/>
	<table name="CID130C supmask"  storageaddress="0x6CBC"/>
	<table name="CID130F supmask"  storageaddress="0x6BEC"/>
	<table name="CID1310 supmask"  storageaddress="0x6BED"/>
	<table name="OBD-2 PID 01-20 supmask"  storageaddress="0x6C60"/>
	<table name="OBD-2 PID 21-40 supmask"  storageaddress="0x6C64"/>
	<table name="Mode 6 TID 01-20 supmask"  storageaddress="0x6D4E"/>
	<table name="Mode 6 TID 21-40 supmask"  storageaddress="0x6D52"/>

	<table type="Switch" name="Force Emissions Readiness" category="Hack" sizey="2" storageaddress="0x15818">
		<description>When on, this forces all emissions monitors to display 'Ready' Off-road and racing use only. Must NEVER be enabled on vehicles that will be driven on public roads.</description>
		<state name="on" data=" E2 65" />
		<state name="off" data=" 62 30" />
	</table>  

	<table type="Switch" name="Force Catalyst Availabilty (for Readiness)" category="Hack" sizey="1" storageaddress="0x157FF">
		<description>When on, this makes the Catalyst test available if Catalyst DTCs are disabled. Off-road and racing use only. Must NEVER be enabled on vehicles that will be driven on public roads. </description>
		<state name="on" data=" 41" />
		<state name="off" data=" 40" />
	</table>  

	<checksum type="std" start="0" end="0x7FFFF" sumloc="0x5198" xorloc="0x5190" />

</rom>
