<rom base="NISSAN_BASE">
    <romid>
        <xmlid>7S875</xmlid>
        <hwid>3ZWPTN0</hwid>
        <internalidaddress>7D36</internalidaddress>
        <internalidstring>7S875</internalidstring>
        <ecuid>7S875</ecuid>
        <year>2004</year>
        <market>US</market>
        <make>Infiniti</make>
        <model>QX56</model>
        <submodel></submodel>
        <transmission>5AT</transmission>
        <memmodel>SH7055</memmodel>
        <flashmethod>nisprog</flashmethod>
        <filesize>512kb</filesize>
    </romid>

    <table name="Cold Ignition Trim" storageaddress="0x6ACD">
		<table type="X Axis" storageaddress="0x7F1C" />
		<table type="Y Axis" storageaddress="0x7F2C" />
	</table>

	<table name="Regular Ignition Trim" storageaddress="0x6BCD">
		<table type="X Axis" storageaddress="0x7F1C" />
		<table type="Y Axis" storageaddress="0x7F2C" />
	</table>

	<table name="Fuel Compensation" storageaddress="0x6DAD">
		<table type="X Axis" storageaddress="0x7E6A" />
		<table type="Y Axis" storageaddress="0x7E2E" />
	</table>

	<table name="Fuel Target" storageaddress="0x6EFD">
		<table type="X Axis" storageaddress="0x7D89" />
		<table type="Y Axis" storageaddress="0x7E26" />
	</table>

	<table name="OL Fueling Target Rate" storageaddress="0x8294"/>

    <table name="Learning map TP shaft lattice point table" storageaddress="0x82BC"/>
	<table name="Learning map N shaft lattice point table" storageaddress="0x835A"/>

	<table name="MAF" storageaddress="0x8A3E"/>
    <table name="MAF factor" storageaddress="0x63D1"/>

	<table name="Rev Limit (Fuel Cut - 2D)" storageaddress="0x6828"/>
	<table name="Throttle Rev Limit" storageaddress="0x688C"/>

	<table name="Fuel Cut Bosch" storageaddress="0x8362"/>
	<table name="Fuel Cut JECS" storageaddress="0x8386"/>
	<table name="Fuel Restore Bosch" storageaddress="0x840E"/>
	<table name="Fuel Restore JECS" storageaddress="0x848A"/>
	
	<table name="Idle Target" storageaddress="0x8396"/>
	<table name="Idle Target 2" storageaddress="0x83CE"/>

	<table name="Fuel Injection Multiplier" storageaddress="0x67D6"/>
	<table name="mTP100" storageaddress="0x68E8"/>

	<table name="Engine torque value map" storageaddress="0x79E8"/>

	<table name="QH0/ torque conversion map" storageaddress="0x7468">
		<table type="X Axis" storageaddress="0x8A1E" />
		<table type="Y Axis" storageaddress="0x7E4A" />
	</table>

	<table name="QH0/ torque conversion map 2" storageaddress="0x94AC">
		<table type="X Axis" storageaddress="0x9740" />
		<table type="Y Axis" storageaddress="0x96F0" />
	</table>

	<table name="MSATHA" storageaddress="0x700D">
		<table type="X Axis" storageaddress="0x7DDD" />
		<table type="Y Axis" storageaddress="0x7DBD" />
	</table>

	<table name="MSATHB" storageaddress="0x710D">
		<table type="X Axis" storageaddress="0x7DDD" />
		<table type="Y Axis" storageaddress="0x7DBD" />
	</table>

	<table name="MSATH" storageaddress="0x720D">
		<table type="X Axis" storageaddress="0x7DDD" />
		<table type="Y Axis" storageaddress="0x7DBD" />
	</table>

	<table name="Knock Slice Table" storageaddress="0x7BE8"/>
	<table name="Individual Cylinder Fuel Trims" storageaddress="0x849E"/>

	<table name="Catalyst DTCs" storageaddress="0x96B2"/>
    <table name="Secondary O2 DTCs" storageaddress="0x96DE"/>
	<table name="Secondary O2 Knock DTCs" storageaddress="0x96DF"/>

    <table name="CID1100 supmask"  storageaddress="0x7E83"/>
	<table name="CID1120 supmask"  storageaddress="0x7E8F"/>
	<table name="CID1140 supmask"  storageaddress="0x7E87"/>
	<table name="CID1160 supmask"  storageaddress="0x7E8B"/>
	<table name="CID1200 supmask"  storageaddress="0x7E9B"/>
	<table name="CID1220 supmask"  storageaddress="0x7E9F"/>
	<table name="CID1300 supmask"  storageaddress="0x7EA3"/>
	<table name="CID1301 supmask"  storageaddress="0x7ED3"/>
	<table name="CID1302 supmask"  storageaddress="0x7ECF"/>
	<table name="CID1303 supmask"  storageaddress="0x7ED0"/>
	<table name="CID1304 supmask"  storageaddress="0x7ED1"/>
	<table name="CID1305 supmask"  storageaddress="0x7ED2"/>
	<table name="CID1306 supmask"  storageaddress="0x7D23"/>
	<table name="CID1307 supmask"  storageaddress="0x7D24"/>
	<table name="CID1308 supmask"  storageaddress="0x7D25"/>
	<table name="CID1309 supmask"  storageaddress="0x7D26"/>
	<table name="CID130A supmask"  storageaddress="0x7D27"/>
	<table name="CID130B supmask"  storageaddress="0x7D28"/>
	<table name="CID130C supmask"  storageaddress="0x7D6F"/>
	<table name="CID130F supmask"  storageaddress="0x7D08"/>
	<table name="CID1310 supmask"  storageaddress="0x7D09"/>
	<table name="CID1311 supmask"  storageaddress="0x7D29"/>
	<table name="CID1313 supmask"  storageaddress="0x7D2A"/>
	<table name="OBD-2 PID 01-20 supmask"  storageaddress="0x7D59"/>
	<table name="OBD-2 PID 21-40 supmask"  storageaddress="0x7D5D"/>
	<table name="Mode 6 TID 01-20 supmask"  storageaddress="0x7E05"/>
	<table name="Mode 6 TID 21-40 supmask"  storageaddress="0x7E09"/>
	<table name="Mode 6 TID 41-60 supmask"  storageaddress="0x7E0D"/>

    <checksum type="std" start="0" end="0x7FFFF" sumloc="0x69F4" xorloc="0x69EC" />

</rom>
