﻿<rom base="NISSAN_BASE">
	<romid>
		<xmlid>8J160</xmlid>
		<hwid>1TKE8Z5N5</hwid>
		<internalidaddress>6B78</internalidaddress>
		<internalidstring>8J160</internalidstring>
		<ecuid>8J160</ecuid>
		<year>03</year>
		<market>USDM</market>
		<make>Nissan</make>
		<model>Altima</model>
		<submodel>Base</submodel>
		<transmission>5MT</transmission>
		<memmodel>SH7055</memmodel>
		<flashmethod>nisprog</flashmethod>
		<filesize>512kb</filesize>
	</romid>


	<table name="Cold Ignition Trim" storageaddress="0x51e1">
		<table type="X Axis" storageaddress="0x6e28" />
		<table type="Y Axis" storageaddress="0x6e38" />
	</table>
	<table name="High Octane Ignition Trim" storageaddress="0x52E1">
		<table type="X Axis" storageaddress="0x6e28" />
		<table type="Y Axis" storageaddress="0x6e38" />
	</table>
	<table name="Regular Ignition Trim" storageaddress="0x53e1">
		<table type="X Axis" storageaddress="0x6e28" />
		<table type="Y Axis" storageaddress="0x6e38" />
	</table>

	<table name="Fuel Compensation" storageaddress="0x56a1">
		<table type="X Axis" storageaddress="0x6d7e" />
		<table type="Y Axis" storageaddress="0x6d22" />
	</table>
	<table name="Fuel Target" storageaddress="0x58B1">
		<table type="X Axis" storageaddress="0x6D1a" />
		<table type="Y Axis" storageaddress="0x6C05" />
	</table>

	<table name="Intake Cam Timing (16x16)" storageaddress="0x59f1">
		<table type="X Axis" storageaddress="0x769c" />
		<table type="Y Axis" storageaddress="0x768c" />
	</table>

	<table name="Rev Limit (Fuel Cut - 3D)" storageaddress="0x4F6C">
	</table>

	<table name="MAF" storageaddress="0x7898"/>
	<table name="MAF factor" storageaddress="0x4b34"/>
	<table name="MAF offset" storageaddress="0x4f94"/>
	<table name="MAF idle voltage limits (USRV)" storageaddress="0x5014" />
	<table name="MAF voltage limits" storageaddress="0x4de6" />
	<table name="MAF low voltage range_w" storageaddress="0x4f56" />

	<table name="Speed Limiter" storageaddress="0x4fba"/>

	<table name="Idle Target" storageaddress="0x72e6"/>

	<table name="Idle Target 2" storageaddress="0x730a"/>

	<table name="Fuel Injection Multiplier" storageaddress="0x4f16"/>
	
	<table name="mTP100" storageaddress="0x4fdc"/>

	<table name="QH0/ torque conversion map" storageaddress="0x638C">
		<table type="X Axis" storageaddress="0x7878" />
		<table type="Y Axis" storageaddress="0x6d3a" />   
	</table>

	<table name="QH0/ torque conversion map 2" storageaddress="0x850a">
		<table type="X Axis" storageaddress="0x87d8" />
		<table type="Y Axis" storageaddress="0x8747" />   
	</table>

	<table name="Catalyst DTCs" storageaddress="0x8710"/>
	<table name="Evap DTCs" storageaddress="0x8719"/>
	<table name="Evap 2 DTCs"  storageaddress="0x871A"/>
	<table name="VIAS DTCs"  storageaddress="0x871E"/>
	<table name="Power Steering DTC"  storageaddress="0x8724"/>
	<table name="CAN DTCs" storageaddress="0x8725"/>
	<table name="Secondary O2 DTCs" storageaddress="0x873c"/>
	<table name="Secondary O2 Knock DTCs" storageaddress="0x873d"/>
	<table name="Fuel Evap Purge Solenoid DTCs" storageaddress="0x8740"/>
	<table name="Evap Pressure Flow DTCs" storageaddress="0x8742"/>
	<table name="Evap Leaks DTCs"  storageaddress="0x8743"/>

	<table type="Switch" name="Force Emissions Readiness" category="Hack" sizey="2" storageaddress="0x15714">
		<description>When on, this forces all emissions monitors to display 'Ready' Off-road and racing use only. Must NEVER be enabled on vehicles that will be driven on public roads.</description>
		<state name="on" data=" E2 65" />
		<state name="off" data=" 62 30" />
	</table>  

	<table type="Switch" name="Force System Availabilty (for Readiness)" category="Hack" sizey="1" storageaddress="0x156fB">
		<description>Force system availability if DTCs are disabled. Off-road and racing use only. Must NEVER be enabled on vehicles that will be driven on public roads. </description>
		<state name="evap" data="44" />
		<state name="evap+catalyst" data="45" />
		<state name="catalyst" data="41" />
		<state name="stock" data="40" />
	</table>  

	<checksum type="std" start="0" end="0x7FFFF" sumloc="0x50d8" xorloc="0x50d0" />

</rom>
