<rom base="NISSAN_BASE">
	<romid>
		<xmlid>8U07A</xmlid>
		<hwid>3TREE21N15</hwid>
		<internalidaddress>744C</internalidaddress>
		<internalidstring>8U07A</internalidstring>
		<ecuid>8U07A</ecuid>
		<year>02</year>
		<market>US</market>
		<make>Nissan</make>
		<model>Sentra</model>
		<submodel>Spec-V</submodel>
		<transmission>MT</transmission>
		<memmodel>SH7055</memmodel>
		<flashmethod>nisprog</flashmethod>
		<filesize>512kb</filesize>
	</romid>

	<table name="Cold Ignition Trim" storageaddress="0x56f1">
		<table type="X Axis" storageaddress="0x7795" />
		<table type="Y Axis" storageaddress="0x77a5" />
	</table>

	<table name="High Octane Ignition Trim" storageaddress="0x57f1">
		<table type="X Axis" storageaddress="0x7795" />
		<table type="Y Axis" storageaddress="0x77a5" />
	</table>

	<table name="Regular Ignition Trim" storageaddress="0x58f1">
		<table type="X Axis" storageaddress="0x7795" />
		<table type="Y Axis" storageaddress="0x77a5" />
	</table>

	<table name="Fuel Compensation" storageaddress="0x5bf1">
		<table type="X Axis" storageaddress="0x76c2" />
		<table type="Y Axis" storageaddress="0x767e" />
	</table>

	<table name="Fuel Target" storageaddress="0x5dc1">
		<table type="X Axis" storageaddress="0x7531" />
		<table type="Y Axis" storageaddress="0x7666" />
	</table>

	<table name="Intake Cam Timing (8x8)" storageaddress="0x5fb1">
		<table type="X Axis" storageaddress="0x81af" />
		<table type="Y Axis" storageaddress="0x8183" />
	</table>

	<table name="Intake Cam Timing Cold (8x8)" storageaddress="0x5f71">
		<table type="X Axis" storageaddress="0x819f" />
		<table type="Y Axis" storageaddress="0x818b" />
	</table>	

	<table name="Rev Limit (Fuel Cut - 3D)" storageaddress="0x53ae">
	</table>

	<table name="MAF" storageaddress="0x84da">
		<scaling units="Airflow g/s" expression="(x-3121)*105/25600" to_byte="3121+x*25600/105" format="0.00" fineincrement="1" coarseincrement="100" />
	</table>

	<table name="Idle Target" storageaddress="0x7d47">
	</table>

	<table name="Fuel Injection Multiplier" storageaddress="0x5340">
	</table>
	<table name="QH0/ torque conversion map" storageaddress="0x683c">
		<table type="X Axis" storageaddress="0x84ba" />
		<table type="Y Axis" storageaddress="0x7696" />
	</table>

	<table name="mMTFDD" storageaddress="0x643c">
		<table type="X Axis" storageaddress="0x8416" />
		<table type="Y Axis" storageaddress="0x8436" />
	</table>

	<table name="mMTFDDS" storageaddress="0x663c">
		<table type="X Axis" storageaddress="0x8416" />
		<table type="Y Axis" storageaddress="0x8436" />
	</table>

	<checksum type="std" start="0" end="0x7FFFF" sumloc="0x55E4" xorloc="0x55DC" />

</rom>
