<rom base="NISSAN_BASE">
	<romid>
		<xmlid>8U42D</xmlid>
		<hwid>3QGEZEJCNC8</hwid>
		<internalidaddress>82B9</internalidaddress>
		<internalidstring>8U42D</internalidstring>
		<ecuid>8U42D</ecuid>
		<year>03</year>
		<market>USDM</market>
		<make>Nissan</make>
		<model>Sentra</model>
		<submodel>Base</submodel>
		<transmission>MT</transmission>
		<memmodel>SH705513</memmodel>
		<flashmethod>nisprog</flashmethod>
		<filesize>512kb</filesize>
	</romid>

	<table name="Cold Ignition Trim" storageaddress="0x6931">
		<table type="X Axis" storageaddress="0x85B9" />
		<table type="Y Axis" storageaddress="0x85A9" />
	</table>

	<table name="High Octane Ignition Trim" storageaddress="0x6a31">
		<table type="X Axis" storageaddress="0x85B9" />
		<table type="Y Axis" storageaddress="0x85A9" />
	</table>

	<table name="Regular Ignition Trim" storageaddress="0x6b31">
		<table type="X Axis" storageaddress="0x85B9" />
		<table type="Y Axis" storageaddress="0x85A9" />
	</table>

	<table name="Fuel Compensation" storageaddress="0x6da1">
		<table type="X Axis" storageaddress="0x84df" />
		<table type="Y Axis" storageaddress="0x84ab" />
	</table>

	<table name="Fuel Target" storageaddress="0x6f71">
		<table type="X Axis" storageaddress="0x8493" />
		<table type="Y Axis" storageaddress="0x834E" />
	</table>

	<table name="Intake Cam Timing (8x8)" storageaddress="0x7121">
		<table type="X Axis" storageaddress="0x897a" />
		<table type="Y Axis" storageaddress="0x894e" />
	</table>

	<table name="Intake Cam Timing Cold (8x8)" storageaddress="0x70e1">
		<table type="X Axis" storageaddress="0x896a" />
		<table type="Y Axis" storageaddress="0x8956" />
	</table>

	<table name="Rev Limit (Fuel Cut - 3D)" storageaddress="0x6606">
	</table>

	<table name="MAF" storageaddress="0x92b2">
	</table>



	<checksum type="std" start="0" end="0x7FFFF" sumloc="0x6818" xorloc="0x6810" />

</rom>
