<rom base="NISSAN_BASE">
	<romid>
		<xmlid>8U92A</xmlid>
		<hwid>5X61BECCNA</hwid>
		<internalidaddress>7DCA</internalidaddress>
		<internalidstring>8U92A</internalidstring>
		<ecuid>8U92A</ecuid>
		<year>04</year>
		<market>CAN</market>
		<make>Nissan</make>
		<model>Sentra</model>
		<submodel>Base</submodel>
		<transmission>MT</transmission>
		<memmodel>SH7055</memmodel>
		<flashmethod>nisprog</flashmethod>
		<filesize>512kb</filesize>
	</romid>

	<table name="Cold Ignition Trim" storageaddress="0x6611">
		<table type="X Axis" storageaddress="0x8062" />
		<table type="Y Axis" storageaddress="0x8052" />
	</table>

	<table name="High Octane Ignition Trim" storageaddress="0x6711">
		<table type="X Axis" storageaddress="0x8062" />
		<table type="Y Axis" storageaddress="0x8052" />
	</table>

	<table name="Regular Ignition Trim" storageaddress="0x6811">
		<table type="X Axis" storageaddress="0x8062" />
		<table type="Y Axis" storageaddress="0x8052" />
	</table>

	<table name="Fuel Compensation" storageaddress="0x6aD1">
		<table type="X Axis" storageaddress="0x7f88" />
		<table type="Y Axis" storageaddress="0x7f44" />
	</table>

	<table name="Fuel Target" storageaddress="0x6ca1">
		<table type="X Axis" storageaddress="0x7e23" />
		<table type="Y Axis" storageaddress="0x7f2c" />
	</table>

	<table name="Intake Cam Timing (8x8)" storageaddress="0x6e11">
		<table type="X Axis" storageaddress="0x897a" />
		<table type="Y Axis" storageaddress="0x894e" />
	</table>

	<table name="Intake Cam Timing Cold (8x8)" storageaddress="0x6dd1">
		<table type="X Axis" storageaddress="0x896a" />
		<table type="Y Axis" storageaddress="0x8956" />
	</table>

	<table name="Rev Limit (Fuel Cut - 3D)" storageaddress="0x636A">
	</table>

	<table name="MAF" storageaddress="0x8b36">
	</table>

	<table name="Idle Target" storageaddress="0x8564"/>

	<table name="Fuel Injection Multiplier" storageaddress="0x6310">
	</table>

	<table name="Fuel Cut Bosch" storageaddress="0x8538"/>
	<table name="Fuel Cut JECS" storageaddress="0x854C"/>
	<table name="Fuel Restore Bosch" storageaddress="0x859C"/>
	<table name="Fuel Restore JECS" storageaddress="0x8658"/>

	<table name="QH0/ torque conversion map" storageaddress="0x9888">
		<table type="X Axis" storageaddress="0x9b5c" />
		<table type="Y Axis" storageaddress="0x9acc" />
	</table>

	<table name="mMTFDD" storageaddress="0x71dc">
		<table type="X Axis" storageaddress="0x8ac2" />
		<table type="Y Axis" storageaddress="0x8ae2" />
	</table>

	<table name="mMTFDDS" storageaddress="0x73dc">
		<table type="X Axis" storageaddress="0x8ac2" />
		<table type="Y Axis" storageaddress="0x8ae2" />
	</table>

	<checksum type="std" start="0" end="0x7FFFF" sumloc="0x6508" xorloc="0x6500" />

</rom>
