<rom base="NISSAN_BASE">
<!--6Y300 is a better defined base-->
	<romid>
		<xmlid>9J074</xmlid>
		<hwid>1TKE8Z5N57</hwid>
		<internalidaddress>6C39</internalidaddress>
		<internalidstring>9J074</internalidstring>
		<ecuid>9J074</ecuid>
		<year>03</year>
		<market>USDM</market>
		<make>Nissan</make>
		<model>Altima</model>
		<submodel>Base</submodel>
		<transmission>AT</transmission>
		<memmodel>SH7055</memmodel>
		<flashmethod>nisprog</flashmethod>
		<filesize>512kb</filesize>
	</romid>


	<table name="Cold Ignition Trim" storageaddress="0x52a1">
		<table type="X Axis" storageaddress="0x6ef9" />
		<table type="Y Axis" storageaddress="0x6f09" />
	</table>

	<table name="High Octane Ignition Trim" storageaddress="0x53a1">
		<table type="X Axis" storageaddress="0x6ef9" />
		<table type="Y Axis" storageaddress="0x6f09" />
	</table>

	<table name="Regular Ignition Trim" storageaddress="0x54a1">
		<table type="X Axis" storageaddress="0x6ef9" />
		<table type="Y Axis" storageaddress="0x6f09" />
	</table>

	<table name="Fuel Compensation" storageaddress="0x5761">
		<table type="X Axis" storageaddress="0x6e4f" />
		<table type="Y Axis" storageaddress="0x6df3" />
	</table>

	<table name="Fuel Target" storageaddress="0x5971">
		<table type="X Axis" storageaddress="0x6cd6" />
		<table type="Y Axis" storageaddress="0x6deb" />
	</table>

	<table name="Intake Cam Timing (16x16)" storageaddress="0x5ab1">
		<table type="X Axis" storageaddress="0x775d" />
		<table type="Y Axis" storageaddress="0x776d" />
	</table>

	<table name="Rev Limit (Fuel Cut - 3D)" storageaddress="0x5026">
	</table>

	<table name="MAF" storageaddress="0x796a">
		<scaling units="Airflow g/s" expression="(x-3121)*105/25600" to_byte="3121+x*25600/105" format="0.00" fineincrement="1" coarseincrement="100" />
	</table>
	<table name="Idle Target" storageaddress="0x73b7">
	</table>
	<table name="Idle Target 2" storageaddress="0x73db">
	</table>
	<table name="Fuel Injection Multiplier" storageaddress="0x4FD0">
	</table>
	<table name="Speed Limiter" storageaddress="0x5074" />
	<table name="QH0/ torque conversion map" storageaddress="0x85dc">
		<table type="X Axis" storageaddress="0x88b0" />
		<table type="Y Axis" storageaddress="0x8820" />
	</table>

	<checksum type="std" start="0" end="0x7FFFF" sumloc="0x5198" xorloc="0x5190" />

</rom>
