<rom base="NISSAN_BASE">
    <romid>
        <xmlid>AC200</xmlid>
        <hwid>3GIJ7N04</hwid>
        <internalidaddress>828c</internalidaddress>
        <internalidstring>AC200</internalidstring>
        <ecuid>AC200</ecuid>
        <year>2003</year>
        <market>US</market>
        <make>Infiniti</make>
        <model>G35</model>
        <submodel>Sedan</submodel>
        <transmission>MT</transmission>
        <memmodel>SH7055</memmodel>
        <flashmethod>nisprog</flashmethod>
        <filesize>512kb</filesize>
    </romid>

    <!--sorry didn't make a def, checksums are here though, have fun:) -->

    <checksum type="std" start="0" end="0x7FFFF" sumloc="0x67ec" xorloc="0x67e4" />

</rom>
