<rom base="NISSAN_BASE">
	<romid>
		<xmlid>AM604</xmlid>
		<hwid>3MFED18N8</hwid>
		<internalidaddress>6c59</internalidaddress>
		<internalidstring>AM604</internalidstring>
		<ecuid>AM604</ecuid>
		<year>03</year>
		<market>USDM</market>
		<make>Infiniti</make>
		<model>G35</model>
		<submodel>Base</submodel>
		<transmission>AT</transmission>
		<memmodel>SH7055</memmodel>
		<flashmethod>nisprog</flashmethod>
		<filesize>512kb</filesize>
	</romid>

	<!-- very similar to 5Y702, similar to 6Y300 -->
	<!-- initial def : fenugrec 2018 -->

	<!-- strangely, cold ign trim doesn't have an area with the 0x80 knock bit set, unlike 5y712/6y300 -->
	<table name="Cold Ignition Trim" storageaddress="0x5301">
		<table type="X Axis" storageaddress="0x6f10" />
		<table type="Y Axis" storageaddress="0x6f20" />
	</table>
	<table name="High Octane Ignition Trim" storageaddress="0x5401">
		<table type="X Axis" storageaddress="0x6f10" />
		<table type="Y Axis" storageaddress="0x6f20" />
	</table>
	<table name="Regular Ignition Trim" storageaddress="0x5501">
		<table type="X Axis" storageaddress="0x6f10" />
		<table type="Y Axis" storageaddress="0x6f20" />
	</table>

	<table name="Fuel Compensation" storageaddress="0x57c1">
		<table type="X Axis" storageaddress="0x6e66" />
		<table type="Y Axis" storageaddress="0x6e0a" />
	</table>

	<table name="Fuel Target" storageaddress="0x5991">
		<table type="X Axis" storageaddress="0x6CED" />
		<table type="Y Axis" storageaddress="0x6E02" />
	</table>

	<table name="Intake Cam Timing (16x16)" storageaddress="0x5ad1">
		<table type="X Axis" storageaddress="0x77b4" />
		<table type="Y Axis" storageaddress="0x77c4" />
	</table>

	<table name="Rev Limit (Fuel Cut - 3D)" storageaddress="0x5056" />

	<table name="MAF" storageaddress="0x79c0" />

	<table name="Speed Limiter" storageaddress="0x50be" />

	<table name="Idle Target" storageaddress="0x73e6" />
	<table name="Idle Target 2" storageaddress="0x740a" />

	<table name="Fuel Injection Multiplier" storageaddress="0x4ffa" />

	<table name="QH0/ torque conversion map" storageaddress="0x646c">
		<table type="X Axis" storageaddress="0x79a0" />
		<table type="Y Axis" storageaddress="0x6e22" />   
	</table>

	<table name="QH0/ torque conversion map 2" storageaddress="0x86b4">
		<table type="X Axis" storageaddress="0x8988" />
		<table type="Y Axis" storageaddress="0x88f8" />   
	</table>

	<checksum type="std" start="0" end="0x7FFFF" sumloc="0x51F8" xorloc="0x51F0" />

</rom>
