<rom base="NISSAN_BASE">
	<romid>
		<xmlid>AQ806</xmlid>
		<hwid>1MATBH6D6</hwid>
		<internalidaddress>778A</internalidaddress>
		<internalidstring>AQ806</internalidstring>
		<ecuid>AQ806</ecuid>
		<year>02</year>
		<market>AUS</market>
		<make>Nissan</make>
		<model>Stagea</model>
		<submodel>FOUR V/RX FOUR</submodel>
		<transmission>AT</transmission>
		<memmodel>SH705507</memmodel>
		<flashmethod>nisprog</flashmethod>
		<filesize>512kb</filesize>
	</romid>


	<table name="Cold Ignition Trim" storageaddress="0x4e19">
		<table type="X Axis" storageaddress="0x7a68" />
		<table type="Y Axis" storageaddress="0x7a78" />
	</table>

	<table name="High Octane Ignition Trim" storageaddress="0x4f19">
		<table type="X Axis" storageaddress="0x7a68" />
		<table type="Y Axis" storageaddress="0x7a78" />
	</table>

	<table name="Regular Ignition Trim" storageaddress="0x5099">
		<table type="X Axis" storageaddress="0x7a68" />
		<table type="Y Axis" storageaddress="0x7a78" />
	</table>

	<table name="Fuel Compensation Cold" storageaddress="0x561d">
		<table type="X Axis" storageaddress="0x798d" />
		<table type="Y Axis" storageaddress="0x791d" />
	</table>

	<table name="Fuel Compensation" storageaddress="0x571d">
		<table type="X Axis" storageaddress="0x798d" />
		<table type="Y Axis" storageaddress="0x791d" />
	</table>

	<table name="Fuel Target 16x16" storageaddress="0x5aed">
		<table type="X Axis" storageaddress="0x7816" />
		<table type="Y Axis" storageaddress="0x78fd" />
	</table>

	<table name="Intake Cam Timing (16x16)" storageaddress="0x61bd">
		<table type="X Axis" storageaddress="0x8462" />
		<table type="Y Axis" storageaddress="0x8482" />
	</table>

	<table name="Rev Limit (Fuel Cut - 3D)" storageaddress="0x4a40">
	</table>

	<table name="Speed Limiter" storageaddress="0x4ac0" />

	<table name="Engine torque value map" storageaddress="0x71f8">
		<table type="X Axis" storageaddress="0x7816" />
		<table type="Y Axis" storageaddress="0x78fd" />
	</table>

	<table name="QH0/ torque conversion map" storageaddress="0x6978">
		<table type="X Axis" storageaddress="0x87ee" />
		<table type="Y Axis" storageaddress="0x793d" />
	</table>

	<table name="QH0/ torque conversion map 2" storageaddress="0x9840">
		<table type="Y Axis" storageaddress="0x9afe" />
		<table type="X Axis" storageaddress="0x9b8e" />
	</table>



	<table name="MAF" storageaddress="0x880e">
	</table>

	<table name="Load Base Fuel Schedule" storageaddress="0x8a9e">
	</table>

	<!-- The following section is some very experimental, *tentative definitions* for parameters of unknown use. Scaling, naming, units and output type need to be verified -->
	<!-- fenugrec 2017 -->

	<table type="2D" name="Unknown thresholds 1" category="Misc" storagetype="uint8" endian="big" sizey="2" userlevel="4" storageaddress="0x438e">
		<scaling units="" expression="x" to_byte="x" format="0" fineincrement="1" coarseincrement="10" />
		<table type="Static Y Axis" name="unknown_8bit" sizey="2">
			<data>Lower</data>
			<data>Upper</data>
		</table>
		<description>Unknown threshold values</description>
	</table>

	<table type="2D" name="Unknown thresholds 1b" category="Misc" storagetype="uint8" endian="big" sizey="1" userlevel="4" storageaddress="0x46d8">
		<scaling units="" expression="x" to_byte="x" format="0" fineincrement="1" coarseincrement="10" />
		<table type="Static Y Axis" name="unknown_8bit" sizey="2">
			<data>Thresh</data>
		</table>
		<description>Unknown threshold value, related to "Unknown thresholds 1"</description>
	</table>

	<table type="2D" name="Unknown thresholds 1c" category="Misc" storagetype="uint8" endian="big" sizey="1" userlevel="4" storageaddress="0x46e6">
		<scaling units="" expression="x" to_byte="x" format="0" fineincrement="1" coarseincrement="10" />
		<table type="Static Y Axis" name="unknown_8bit" sizey="2">
			<data>Thresh</data>
		</table>
		<description>Unknown threshold value, related to "Unknown thresholds 1"</description>
	</table>


	<table name="Fuel Injection Multiplier" storageaddress="0x49de" />


	<table type="3D" name="Unknown u8 16x16 1" category="Misc" storagetype="uint8" endian="big" sizex="16" sizey="16" userlevel="4" logparam="?">
		<scaling units="Unknown" expression="x" to_byte="x" format="0" fineincrement="1" coarseincrement="10" />
		<table type="X Axis" name="?" storagetype="uint8" endian="big" logparam="?">
			<scaling units="?" expression="x" to_byte="x" format="0" fineincrement="1" coarseincrement="10" />
		</table>
		<table type="Y Axis" name="RPM ?" storagetype="uint8" endian="big" logparam="?">
			<scaling units="RPM" expression="x*50" to_byte="x/50" format="0" fineincrement="50" coarseincrement="100" />
		</table>
		<description>Accessed near the "fuel tgt" access code; both share the same Y axis so they are probably related.</description>
	</table>

	<table name="Unknown u8 16x16 1" storageaddress="0x551d">
		<table type="X Axis" storageaddress="0x7826" />
		<table type="Y Axis" storageaddress="0x78fd" />
	</table>


	<table type="3D" name="Unknown u16 16x16 1" category="Misc" storagetype="uint16" endian="big" sizex="16" sizey="16" userlevel="4" logparam="?">
		<scaling units="Unknown" expression="x" to_byte="x" format="0" fineincrement="10" coarseincrement="100" />
		<table type="X Axis" name="?" storagetype="uint16" endian="big" logparam="?">
			<scaling units="?" expression="x" to_byte="x" format="0" fineincrement="10" coarseincrement="100" />
		</table>
		<table type="Y Axis" name="?" storagetype="uint16" endian="big" logparam="?">
			<scaling units="?" expression="x" to_byte="x" format="0" fineincrement="1" coarseincrement="10" />
		</table>
		<description>No idea what this is. Note, the X/Y axis may be swapped !!! (unverified)!</description>
	</table>

	<table name="Unknown u16 16x16 1" storageaddress="0x6578">
		<table type="X Axis" storageaddress="0x875e" />
		<table type="Y Axis" storageaddress="0x877e" />
	</table>

	<table type="3D" name="Unknown u16 16x16 2" category="Misc" storagetype="uint16" endian="big" sizex="16" sizey="16" userlevel="4" logparam="?">
		<scaling units="Unknown" expression="x" to_byte="x" format="0" fineincrement="10" coarseincrement="100" />
		<table type="X Axis" name="?" storagetype="uint16" endian="big" logparam="?">
			<scaling units="?" expression="x" to_byte="x" format="0" fineincrement="10" coarseincrement="100" />
		</table>
		<table type="Y Axis" name="?" storagetype="uint16" endian="big" logparam="?">
			<scaling units="?" expression="x" to_byte="x" format="0" fineincrement="1" coarseincrement="10" />
		</table>
		<description>No idea what this is. Note, the X/Y axis may be swapped !!! (unverified)!</description>
	</table>

	<table name="Unknown u16 16x16 2" storageaddress="0x6778">
		<table type="X Axis" storageaddress="0x875e" />
		<table type="Y Axis" storageaddress="0x877e" />
	</table>


	<table type="3D" name="Unknown u16 8x8 1A" category="Misc" storagetype="uint16" endian="big" sizex="8" sizey="8" userlevel="4" logparam="?">
		<!-- arbitrary +/- 32768 scaling purely to nicen the display. No idea what the real scaling should be -->
		<scaling units="Unknown" expression="x-32768" to_byte="x+32768" format="0" fineincrement="10" coarseincrement="100" />
		<table type="X Axis" name="?" storagetype="uint16" endian="big" logparam="?">
			<scaling units="?" expression="x" to_byte="x" format="0" fineincrement="1" coarseincrement="10" />
		</table>
		<table type="Y Axis" name="?" storagetype="uint16" endian="big" logparam="?">
			<scaling units="?" expression="x" to_byte="x" format="0" fineincrement="1" coarseincrement="10" />
		</table>
		<description>No idea what this is. Note, the X/Y axis may be swapped !!! (unverified)!</description>
	</table>

	<table name="Unknown u16 8x8 1A" storageaddress="0x6E78">
		<table type="X Axis" storageaddress="0x8b0e" />
		<table type="Y Axis" storageaddress="0x8b2e" />
	</table>


	<table type="3D" name="Unknown u16 8x8 1B" category="Misc" storagetype="uint16" endian="big" sizex="8" sizey="8" userlevel="4" logparam="?">
		<!-- arbitrary +/- 32768 scaling purely to nicen the display. No idea what the real scaling should be -->
		<scaling units="Unknown" expression="x-32768" to_byte="x+32768" format="0" fineincrement="10" coarseincrement="100" />
		<table type="X Axis" name="?" storagetype="uint16" endian="big" logparam="?">
			<scaling units="?" expression="x" to_byte="x" format="0" fineincrement="1" coarseincrement="10" />
		</table>
		<table type="Y Axis" name="?" storagetype="uint16" endian="big" logparam="?">
			<scaling units="?" expression="x" to_byte="x" format="0" fineincrement="1" coarseincrement="10" />
		</table>
		<description>No idea what this is. Note, the X/Y axis may be swapped !!! (unverified)!</description>
	</table>

	<table name="Unknown u16 8x8 1B" storageaddress="0x6Ef8">
		<table type="X Axis" storageaddress="0x8b0e" />
		<table type="Y Axis" storageaddress="0x8b2e" />
	</table>


	<table type="3D" name="Unknown u16 8x8 2A" category="Misc" storagetype="uint16" endian="big" sizex="8" sizey="8" userlevel="4" logparam="?">
		<!-- arbitrary +/- 32768 scaling purely to nicen the display. No idea what the real scaling should be -->
		<scaling units="Unknown" expression="x-32768" to_byte="x+32768" format="0" fineincrement="10" coarseincrement="100" />
		<table type="X Axis" name="?" storagetype="uint16" endian="big" logparam="?">
			<scaling units="?" expression="x" to_byte="x" format="0" fineincrement="1" coarseincrement="10" />
		</table>
		<table type="Y Axis" name="?" storagetype="uint16" endian="big" logparam="?">
			<scaling units="?" expression="x" to_byte="x" format="0" fineincrement="1" coarseincrement="10" />
		</table>
		<description>Probably unused ! (dead code). No idea what this is. Note, the X/Y axis may be swapped !!! (unverified)!</description>
	</table>

	<table name="Unknown u16 8x8 2A" storageaddress="0x6d78">
		<table type="X Axis" storageaddress="0x8afe" />
		<table type="Y Axis" storageaddress="0x8b1e" />
	</table>


	<table type="3D" name="Unknown u16 8x8 2B" category="Misc" storagetype="uint16" endian="big" sizex="8" sizey="8" userlevel="4" logparam="?">
		<!-- arbitrary +/- 32768 scaling purely to nicen the display. No idea what the real scaling should be -->
		<scaling units="Unknown" expression="x-32768" to_byte="x+32768" format="0" fineincrement="10" coarseincrement="100" />
		<table type="X Axis" name="?" storagetype="uint16" endian="big" logparam="?">
			<scaling units="?" expression="x" to_byte="x" format="0" fineincrement="1" coarseincrement="10" />
		</table>
		<table type="Y Axis" name="?" storagetype="uint16" endian="big" logparam="?">
			<scaling units="?" expression="x" to_byte="x" format="0" fineincrement="1" coarseincrement="10" />
		</table>
		<description>Probably unused ! (dead code). No idea what this is. Note, the X/Y axis may be swapped !!! (unverified)!</description>
	</table>

	<table name="Unknown u16 8x8 2B" storageaddress="0x6df8">
		<table type="X Axis" storageaddress="0x8afe" />
		<table type="Y Axis" storageaddress="0x8b1e" />
	</table>


	<!-- 16x1 u8  at 0x82b2, maybe interesting? -->

	<!-- End of very-experimental defs -->

	<checksum type="std" start="0" end="0x7FFFF" sumloc="0x4ccc" xorloc="0x4cb8" />

</rom>
