<rom base="NISSAN_BASE">
	<romid>
		<xmlid>CD002</xmlid>
		<hwid>3GIJ7N04</hwid>
		<internalidaddress>8290</internalidaddress>
		<internalidstring>CD002</internalidstring>
		<ecuid>CD002</ecuid>
		<year>03</year>
		<market>US</market>
		<make>Nissan</make>
		<model>350Z</model>
		<submodel>Track</submodel>
		<transmission>MT</transmission>
		<memmodel>SH7055</memmodel>
		<flashmethod>nisprog</flashmethod>
		<filesize>512kb</filesize>
	</romid>

	<table name="Cold Ignition Trim" storageaddress="0x68F9">
		<table type="X Axis" storageaddress="0x8E13" />
		<table type="Y Axis" storageaddress="0x8E23" />
	</table>

	<table name="High Octane Ignition Trim" storageaddress="0x69F9">
		<table type="X Axis" storageaddress="0x8E13" />
		<table type="Y Axis" storageaddress="0x8E23" />
	</table>

	<table name="Regular Ignition Trim" storageaddress="0x6AF9">
		<table type="X Axis" storageaddress="0x8E13" />
		<table type="Y Axis" storageaddress="0x8E23" />
	</table>

	<table name="Fuel Compensation" storageaddress="0x6DB9">
		<table type="X Axis" storageaddress="0x8472" />
		<table type="Y Axis" storageaddress="0x8416" />
	</table>

	<table name="Fuel Target" storageaddress="0x06FC9">
		<table type="X Axis" storageaddress="0x82E9" />  
		<table type="Y Axis" storageaddress="0x840E" />  
	</table>

	<table name="Intake Cam Timing (16x16)" storageaddress="0x7109">
		<table type="X Axis" storageaddress="0x8e13" />
		<table type="Y Axis" storageaddress="0x8e23" />
	</table>

	<table name="Fuel Cut Bosch" storageaddress="0x8A07"/>
	<table name="Fuel Cut JECS" storageaddress="0x8A2B"/>
	<table name="Fuel Restore Bosch" storageaddress="0x8A7B"/>
	<table name="Fuel Restore JECS" storageaddress="0x8B49"/>
	
	<table name="Idle Target" storageaddress="0x8A43" />

	<table name="Speed Limiter" storageaddress="0x66B0" />

	<table name="Rev Limit (Fuel Cut - 3D)" storageaddress="0x6646"/>

	<table name="MAF" storageaddress="0x9006"/>

	<table name="Fuel Injection Multiplier" storageaddress="0x65E6"/>

	<table name="QH0/ torque conversion map" storageaddress="0x7AA4">
		<table type="Y Axis" storageaddress="0x9f74" />
		<table type="X Axis" storageaddress="0xA004" />
	</table>

	<table name="QH0/ torque conversion map 2" storageaddress="0x9D30">
		<table type="Y Axis" storageaddress="0x9f74" />
		<table type="X Axis" storageaddress="0xA004" />
	</table>

	<table name="Engine torque value map" storageaddress="0x7F24">
		<table type="X Axis" storageaddress="0x5060" />
		<table type="Y Axis" storageaddress="0x7D85" />
	</table>

	<table name="MSATHA" storageaddress="0x7279">
		<table type="X Axis" storageaddress="0x8E13" />
		<table type="Y Axis" storageaddress="0x8E23" />
	</table>

	<table name="MSATHB" storageaddress="0x7379">
		<table type="X Axis" storageaddress="0x8E13" />
		<table type="Y Axis" storageaddress="0x8E23" />
	</table>

	<table name="MSATH" storageaddress="0x7479">
		<table type="X Axis" storageaddress="0x8E13" />
		<table type="Y Axis" storageaddress="0x8E23" />
	</table>

	<table storageaddress="0x8a43" name="Idle Target"/>

	<table name="Injector Latency at 14V" storageaddress="0x6353" />
	<table name="Fuel Injector Latency Adder" storageaddress="0x5E66" />
	<table name="MAF idle voltage limits (USRV)" storageaddress="0x671c" />
	<table name="Fuel correction limits, % (MALPRV)" storageaddress="0x622c" />
	<table name="Idle BFS limits, ms (TPRV)" storageaddress="0x66e8" />
	<table name="MAF factor" storageaddress="0x61ae" />

	<table name="Fuel Cut Prohibition Speed" storageaddress="0x8DB7" />

	<checksum type="std" start="0" end="0x7FFFF" sumloc="0x67f0" xorloc="0x67e8" />
</rom>
