<rom base="NISSAN_BASE">
	<romid>
		<xmlid>CD700</xmlid>
	<hwid>4TTZVEM41N1</hwid>
      <internalidaddress>7dfa</internalidaddress>
      <internalidstring>cd700</internalidstring>
      <ecuid>cd700</ecuid>
		<year>03</year>
		<market>EU</market>
		<make>Nissan</make>
		<model>350Z</model>
		<submodel>Track</submodel>
		<transmission>MT</transmission>
		<memmodel>SH7055</memmodel>
		<flashmethod>nisprog</flashmethod>
		<filesize>512kb</filesize>
	</romid>



	<table name="Cold Ignition Trim" storageaddress="0x64d1">
		<table type="X Axis" storageaddress="0x7fdd" />
		<table type="Y Axis" storageaddress="0x7fed" />
	</table>

	<table name="High Octane Ignition Trim" storageaddress="0x65d1">
		<table type="X Axis" storageaddress="0x7fdd" />
		<table type="Y Axis" storageaddress="0x7fed" />
	</table>

	<table name="Regular Ignition Trim" storageaddress="0x66d1">
		<table type="X Axis" storageaddress="0x7fdd" />
		<table type="Y Axis" storageaddress="0x7fed" />
	</table>

	<table name="Fuel Compensation" storageaddress="0x6941">
		<table type="X Axis" storageaddress="0x7f5c" />
		<table type="Y Axis" storageaddress="0x7f10" />
	</table>

	<table name="Fuel Target" storageaddress="0x6b11">
		<table type="X Axis" storageaddress="0x7e4b" />
		<table type="Y Axis" storageaddress="0x7f08" />
	</table>

	<table name="Intake Cam Timing (16x16)" storageaddress="0x6c11">
		<table type="X Axis" storageaddress="0x87f1" />
		<table type="Y Axis" storageaddress="0x8801" />
	</table>

	<table name="Speed Limiter" storageaddress="0x6268" />

	<table name="Rev Limit (Fuel Cut - 3D)" storageaddress="0x61dc"/>

	<table name="MAF" storageaddress="0x8b1e"/>


	<table name="Fuel Injection Multiplier" storageaddress="0x616e"/>

	<table name="mMTFDD" storageaddress="0x721c"/>
	<table name="mMTFDDS" storageaddress="0x741c"/>

	<table name="QH0/ torque conversion map" storageaddress="0x761c">
		<table type="Y Axis" storageaddress="0x9c6c" />
		<table type="X Axis" storageaddress="0x9cfc" />
	</table>

	<table name="mMTFDDS_S" storageaddress="0x9628"/>
	<table name="mMTFDD_S" storageaddress="0x9828"/>

	<table name="QH0/ torque conversion map 2" storageaddress="0x9a28">
		<table type="Y Axis" storageaddress="0x9c6c" />
		<table type="X Axis" storageaddress="0x9cfc" />
	</table>

	<table name="Engine torque value map" storageaddress="0x7a9c"/>

	<table name="MSATHA" storageaddress="0x6d81">
		<table type="X Axis" storageaddress="0x7fdd" />
		<table type="Y Axis" storageaddress="0x7fed" />
	</table>

	<table name="MSATHB" storageaddress="0x6e81">
		<table type="X Axis" storageaddress="0x7fdd" />
		<table type="Y Axis" storageaddress="0x7fed" />
	</table>

	<table name="MSATH" storageaddress="0x6f81">
		<table type="X Axis" storageaddress="0x7fdd" />
		<table type="Y Axis" storageaddress="0x7fed" />
	</table>

	<table name="Idle Target" storageaddress="0x845f"/>

	<table name="Injector Latency at 14V" storageaddress="0x5e92" />
	<table name="Fuel Injector Latency Adder" storageaddress="0x5a43" />
	<table name="MAF idle voltage limits (USRV)" storageaddress="0x62d2" />
	<table name="MAF low voltage range_b" storageaddress="0x5e1c" />
	<table name="MAF voltage limits" storageaddress="0x6002" />
	<table name="Fuel correction limits, % (MALPRV)" storageaddress="0x5d91" />
	<table name="Idle BFS limits, ms (TPRV)" storageaddress="0x629e" />
	<table name="MAF factor" storageaddress="0x5d15" />

	<table name="Individual Cylinder Fuel Trims" storageaddress="0x8543" sizey="6"/>
	<table name="Fuel Cut Prohibition Speed" storageaddress="0x8795" />
	<table name="Fuel Cut Bosch" storageaddress="0x843B"/>
	<table name="Fuel Cut JECS" storageaddress="0x844F"/>
	<table name="Fuel Restore Bosch" storageaddress="0x8497"/>
	<table name="Fuel Restore JECS" storageaddress="0x851F"/>

	<checksum type="std" start="0" end="0x7FFFF" sumloc="0x63b8" xorloc="0x63b0" />

</rom>
