<rom base="NISSAN_BASE">
	<romid>
		<xmlid>CE810</xmlid>
		<hwid>5ZVP8N00</hwid>
		<internalidaddress>8FE6</internalidaddress>
		<internalidstring>CE810</internalidstring>
		<ecuid>CE810</ecuid>
		<year>06</year>
		<market>USDM</market>
		<make>Nissan</make>
		<model>350Z</model>
		<submodel>Base</submodel>
		<transmission>MT</transmission>
		<memmodel>SH7058</memmodel>
		<flashmethod>nisprog</flashmethod>
		<filesize>1024kb</filesize>
	</romid>


	<table name="Cold Ignition Trim" storageaddress="0x730D">
		<table type="X Axis" storageaddress="0x92EE" />
		<table type="Y Axis" storageaddress="0x92FE" />
	</table>

	<table name="High Octane Ignition Trim" storageaddress="0x740D">
		<table type="X Axis" storageaddress="0x92EE" />
		<table type="Y Axis" storageaddress="0x92FE" />
	</table>

	<table name="Regular Ignition Trim" storageaddress="0x750D">
		<table type="X Axis" storageaddress="0x92EE" />
		<table type="Y Axis" storageaddress="0x92FE" />
	</table>

	<table name="Fuel Compensation" storageaddress="0x786D">
		<table type="X Axis" storageaddress="0x9208" />
		<table type="Y Axis" storageaddress="0x91AC" />
	</table>

	<table name="Fuel Target" storageaddress="0x79FD">
		<table type="X Axis" storageaddress="0x9037" />
		<table type="Y Axis" storageaddress="0x91A4" />
	</table>

	<table name="Intake Cam Timing (16x16)" storageaddress="0x7B3D">
		<table type="X Axis" storageaddress="0x9D82" />
		<table type="Y Axis" storageaddress="0x9D92" />
	</table>

	<table name="MAF" storageaddress="0x0A1E8"/>
	<table name="Fuel Injection Multiplier" storageaddress="0x6f24"/>
	<table name="Rev Limit (Fuel Cut - 3D)" storageaddress="0x6FA8"/>

	<checksum type="std" start="0" end="0xFFFFF" sumloc="0x71F4" xorloc="0x71EC" />

</rom>
