<rom base="NISSAN_BASE">
	<romid>
		<xmlid>CF40E</xmlid>
		<hwid>6GI3BN5</hwid>
		<internalidaddress>2401</internalidaddress>
		<internalidstring>CF40E</internalidstring>
		<ecuid>CF40E</ecuid>
		<year>06</year>
		<market>USDM</market>
		<make>Nissan</make>
		<model>350Z</model>
		<submodel>Base</submodel>
		<transmission>MT</transmission>
		<memmodel>SH7058</memmodel>
		<flashmethod>nisprog</flashmethod>
		<filesize>1024kb</filesize>
	</romid>


	<table name="Cold Ignition Trim" storageaddress="0x8DED">
		<table type="X Axis" storageaddress="0xB640" />
		<table type="Y Axis" storageaddress="0xB650" />
	</table>

	<table name="High Octane Ignition Trim" storageaddress="0x8EED">
		<table type="X Axis" storageaddress="0xB640" />
		<table type="Y Axis" storageaddress="0xB650" />
	</table>

	<table name="Regular Ignition Trim" storageaddress="0x8FED">
		<table type="X Axis" storageaddress="0xB640" />
		<table type="Y Axis" storageaddress="0xB650" />
	</table>


	<table name="Fuel Compensation" storageaddress="0x948D">
		<table type="X Axis" storageaddress="0xB526" />
		<table type="Y Axis" storageaddress="0xB4CA" />
	</table>

	<table name="Fuel Target" storageaddress="0x971D">
		<table type="X Axis" storageaddress="0xB2f9" />
		<table type="Y Axis" storageaddress="0xB4a2" />
	</table>

	<table name="Exhaust Cam Timing" storageaddress="0x9A2D">
		<table type="X Axis" storageaddress="0xC2f8" />
		<table type="Y Axis" storageaddress="0xC318" />
	</table>

	<table name="Intake Cam Timing (16x16)" storageaddress="0x9B2D">
		<table type="X Axis" storageaddress="0xC308" />
		<table type="Y Axis" storageaddress="0xC328" />
	</table>

	<table name="MAF" storageaddress="0x0c83e">
	</table>

	<table name="Rev Limit (Fuel Cut - 3D)" storageaddress="0x899a">
	</table>

	<table name="Throttle Rev Limit" storageaddress="0x8a32">
	</table>

	<table name="Idle Target" storageaddress="0xbcf2">
	</table>

	<table name="Fuel Injection Multiplier" storageaddress="0x8906">
	</table>



	<checksum type="std" start="0" end="0xFFFFF" sumloc="0x8C54" xorloc="0x8C4C" />

</rom>
