<rom base="CM31C">
    <romid>
	  <xmlid>CF43D</xmlid>
	  <hwid>6GI5VN6</hwid>
      <internalidaddress>2401</internalidaddress>
      <internalidstring>CF43D</internalidstring>
      <ecuid>CF43D</ecuid>
      <year>06</year>
      <market>USDM</market>
      <make>Nissan</make>
      <model>350Z</model>
      <submodel>Base</submodel>
      <transmission>MT</transmission>
      <memmodel>SH7058</memmodel>
      <flashmethod>nisprog</flashmethod>
      <filesize>1024kb</filesize>
    </romid>


</rom>
