<rom base="NISSAN_BASE">
<!-- basic def added 2020/10 fenugrec -->
	<romid>
		<xmlid>EQ601</xmlid>
		<hwid>5X6E58TPN9</hwid>
		<internalidaddress>88EA</internalidaddress>
		<internalidstring>EQ601</internalidstring>
		<ecuid>EQ601</ecuid>
		<year>05</year>
		<market>CAN</market>
		<make>Nissan</make>
		<model>X-Trail</model>
		<submodel>SE</submodel>
		<transmission>MT</transmission>
		<memmodel>SH7058</memmodel>
		<flashmethod>nisprog</flashmethod>
		<filesize>1024kb</filesize>
	</romid>

	<checksum type="std" start="0" end="0xFFFFF" sumloc="0x70A0" xorloc="0x7098" />

</rom>
