<rom base="NISSAN_BASE">
	<romid>
		<xmlid>EV15A</xmlid>
		<hwid>unknown</hwid>
		<internalidaddress>81CB</internalidaddress>
		<internalidstring>EV15A</internalidstring>
		<ecuid>EV15A</ecuid>
		<year>06</year>
		<market>USDM</market>
		<make>Infiniti</make>
		<model>G35</model>
		<submodel>Piasini</submodel>
		<transmission>MT</transmission>
		<memmodel>SH7058</memmodel>
		<flashmethod>nisprog</flashmethod>
		<filesize>1024kb</filesize>
	</romid>

	<table name="Cold Ignition Trim" storageaddress="0x9932">
		<table type="X Axis" storageaddress="0xB640"/>
		<table type="Y Axis" storageaddress="0xB650"/>
	</table>

	<table name="High Octane Ignition Trim" storageaddress="0x9a32">
		<table type="X Axis" storageaddress="0xB640"/>
		<table type="Y Axis" storageaddress="0xB650"/>
	</table>

	<table name="Regular Ignition Trim" storageaddress="0x9b32">
		<table type="X Axis" storageaddress="0xB640"/>
		<table type="Y Axis" storageaddress="0xB650"/>
	</table>

  <table  name="MBT Flame Speed"  storageaddress="0x9d38">
      <table type="X Axis" storageaddress="0xb2f1" />
      <table type="Y Axis" storageaddress="0xb2f5" />
    </table>
	
	<table name="Fuel Compensation" storageaddress="0xa2a8">
		<table type="X Axis" storageaddress="0xB526"/>
		<table type="Y Axis" storageaddress="0xB4CA"/>
	</table>

	<table name="Fuel Target" storageaddress="0x9abae">
		<table type="X Axis" storageaddress="0xB2f9"/>
		<table type="Y Axis" storageaddress="0xB4a2"/>
	</table>
	
	<table name="Exhaust Cam Timing" storageaddress="0x9A2D">
		<table type="X Axis" storageaddress="0xC2f8"/>
		<table type="Y Axis" storageaddress="0xC318"/>
	</table>

	<table name="Intake Cam Timing (16x16)" storageaddress="0x9B2D">
		<table type="X Axis" storageaddress="0xC308"/>
		<table type="Y Axis" storageaddress="0xC328"/>
	</table>

	

	<checksum type="std" start="0" end="0xFFFFF" sumloc="0x8C54" xorloc="0x8C4C"/>




</rom>
