﻿<rom base="NISSAN_BASE">
    <romid>
      <xmlid>VC264</xmlid>
      <hwid>1APM99P4</hwid>
      <internalidaddress>2295</internalidaddress>
      <internalidstring>VC264</internalidstring>
      <ecuid>VC264</ecuid>
      <year>04</year>
      <market>ADM</market>
      <make>Nissan</make>
      <model>Patrol</model>
      <submodel>Base</submodel>
      <transmission>MT</transmission>
      <memmodel>SH7055</memmodel>
      <flashmethod>nisprog</flashmethod>
      <filesize>512kb</filesize>
    </romid>
    
<!-- Unconventional scaling units used-->
    <table name="Cold Ignition Trim" storageaddress="0x0BE9">
      <table type="X Axis" storageaddress="0x255B" >
        <scaling units="Test" expression="x*0.2" to_byte="x/0.2" format="0.00" fineincrement=".2" coarseincrement="1" />
	   </table>
      <table type="Y Axis" storageaddress="0x256B" />
    </table>
 
 <!-- Unconventional scaling units used-->   
	<table name="Regular Ignition Trim" storageaddress="0x0D69">
      <table type="X Axis" storageaddress="0x255B" >
        <scaling units="Reset" expression="x*0.1" to_byte="x/0.1" format="0.00" fineincrement=".2" coarseincrement="1" />
	   </table>	  
	  <table type="Y Axis" storageaddress="0x256B" />
    </table>
 
    <table name="Fuel Compensation" storageaddress="0x126D">
      <table type="X Axis" storageaddress="0x2469" />
      <table type="Y Axis" storageaddress="0x2429" />
    </table>
    
	<table name="Fuel Target" storageaddress="0x15FD">
      <table type="X Axis" storageaddress="0x232A" />
      <table type="Y Axis" storageaddress="0x2409" />
    </table>
	
	<table name="Rev Limit (Fuel Cut - 3D)" storageaddress="0x0AC2"/>

	<table name="MAF" storageaddress="0x2F78"/>

	<table name="Fuel Injection Multiplier" storageaddress="0x0AA0"/>
	
	<table name="Idle Target" storageaddress="0x2AE1"/>
	
	<table name="NATS DTCs"  storageaddress="0x2242"/>

	<checksum type="std" start="0" end="0x7FFFF" sumloc="0x0b88" xorloc="0x0b80" />

  </rom>
