<rom base="NISSAN_BASE">
	<!-- some similarity with CM31C in code patterns -->

	<romid>
		<xmlid>ZH99A</xmlid>
		<hwid>6ZVYXN00</hwid>
		<internalidaddress>2401</internalidaddress>
		<internalidstring>ZH99A</internalidstring>
		<ecuid>ZH99A</ecuid>
		<year>2006</year>
		<market>USDM</market>
		<make>Nissan</make>
		<model>Altima</model>
		<submodel>SER</submodel>
		<transmission>6MT</transmission>
		<memmodel>SH7058</memmodel>
		<flashmethod>nisprog</flashmethod>
		<filesize>1024kb</filesize>
	</romid>


	<table name="Cold Ignition Trim" storageaddress="0x8da9">
		<table type="X Axis" storageaddress="0xB5FC" />
		<table type="Y Axis" storageaddress="0xB60C" />
	</table>
	<table name="High Octane Ignition Trim" storageaddress="0x8ea9">
		<table type="X Axis" storageaddress="0xB5FC" />
		<table type="Y Axis" storageaddress="0xB60C" />
	</table>
	<table name="Regular Ignition Trim" storageaddress="0x8fa9">
		<table type="X Axis" storageaddress="0xB5FC" />
		<table type="Y Axis" storageaddress="0xB60C" />
	</table>

	<table name="Intake Cam Timing (16x16)" storageaddress="0x9ae9">
		<table type="X Axis" storageaddress="0xC2C4" />
		<table type="Y Axis" storageaddress="0xC2E4" />
	</table>

	<table name="Fuel Compensation" storageaddress="0x9449">
		<table type="X Axis" storageaddress="0xb4e2" />
		<table type="Y Axis" storageaddress="0xb486" />
	</table>

	<table name="Fuel Target" storageaddress="0x96d9">
		<table type="X Axis" storageaddress="0xB2B5" />
		<table type="Y Axis" storageaddress="0xB45E" />
	</table>

	<table name="Fuel Injection Multiplier" storageaddress="0x88C2" />

	<table name="MAF" storageaddress="0xC7FA" />

	<table name="Rev Limit (Fuel Cut - 3D)" storageaddress="0x8954" />

	<table name="Throttle Rev Limit" storageaddress="0x89EC" />

	<table name="Fuel Cut Bosch" storageaddress="0xBC7A"/>
	<table name="Fuel Cut JECS" storageaddress="0xBCAE" />
	<table name="Fuel Restore Bosch" storageaddress="0xBD26"/>
	<table name="Fuel Restore JECS" storageaddress="0xBE2A"/>

	<table name="Idle Target" storageaddress="0xBCBE"/>
	<!-- speed limit possibly at 8B1A -->

	<table name="Catalyst DTCs" storageaddress="0xDD24"/>
	<table name="Evap DTCs" storageaddress="0xDD2D"/>
	<table name="Evap 2 DTCs"  storageaddress="0xDD2E"/>
	<table name="VIAS DTCs"  storageaddress="0xDD32"/>
	<table name="Power Steering DTC"  storageaddress="0xDD38"/>
	<table name="Secondary O2 DTCs" storageaddress="0xDD50"/>
	<table name="Secondary O2 Knock DTCs" storageaddress="0xDD51"/>
	<table name="Fuel Evap Purge Solenoid DTCs" storageaddress="0xDD54"/>
	<table name="Evap Pressure Flow DTCs" storageaddress="0xDD55"/>
	<table name="Evap Leaks DTCs"  storageaddress="0xDD56"/>

	<checksum type="std" start="0" end="0xFFFFF" sumloc="0x8C10" xorloc="0x8C08" />


</rom>
