<rom base="NISSAN_BASE">
	<romid>
		<xmlid>ZJ05B</xmlid>
		<hwid>7ZW91N7</hwid>
		<internalidaddress>2401</internalidaddress>
		<internalidstring>ZJ05B</internalidstring>
		<ecuid>ZJ05B</ecuid>
		<year>2007</year>
		<market>CAN</market>
		<make>Nissan</make>
		<model>Titan</model>
		<submodel>Big Tow</submodel>
		<transmission>AT</transmission>
		<memmodel>SH7058</memmodel>
		<flashmethod>nisprog</flashmethod>
		<filesize>1024kb</filesize>
	</romid>

	<table name="Cold Ignition Trim" storageaddress="0x8AD1">
		<table type="X Axis" storageaddress="0xaf92" />
		<table type="Y Axis" storageaddress="0xAfa2" />
	</table>

	<table name="Regular Ignition Trim" storageaddress="0x8BD1">
		<table type="X Axis" storageaddress="0xaf92" />
		<table type="Y Axis" storageaddress="0xAfa2" />
	</table>

	<table name="Fuel Compensation" storageaddress="0x8f31">
		<table type="X Axis" storageaddress="0xaeb4" />
		<table type="Y Axis" storageaddress="0xae78" />
	</table>

	<table name="Fuel Target" storageaddress="0x91d1">
		<table type="X Axis" storageaddress="0xad67" />
		<table type="Y Axis" storageaddress="0xae60" />
	</table>

	<table name="Intake Cam Timing (8x8)" storageaddress="0x9311">
		<table type="X Axis" storageaddress="0xbaa0" />
		<table type="Y Axis" storageaddress="0xba88" />
	</table>

	<table name="Intake Cam Timing Cold (8x8)" storageaddress="0x92D1">
		<table type="X Axis" storageaddress="0xBA98" />
		<table type="Y Axis" storageaddress="0xBA90" />
	</table>

	<table name="Learning map TP shaft lattice point table" storageaddress="0xb49a"/>
	<table name="Learning map N shaft lattice point table" storageaddress="0xb564"/>

	<table name="MAF" storageaddress="0xC0E4"/>
	<table name="MAF factor" storageaddress="0x8149"/>

	<table name="Rev Limit (Fuel Cut - 2D)" storageaddress="0x8776"/>

	<table name="Fuel Cut Bosch" storageaddress="0xB56C"/>
	<table name="Fuel Cut JECS" storageaddress="0xB590"/>
	<table name="Fuel Restore Bosch" storageaddress="0xB628"/>
	<table name="Fuel Restore JECS" storageaddress="0xB6D8"/>
	
	<table name="Idle Target" storageaddress="0xB5A0"/>
	<table name="Idle Target 2" storageaddress="0xB5D8"/>

	<table name="Fuel Injection Multiplier" storageaddress="0x86f6"/>

	<table name="mTP100" storageaddress="0x8884"/>

	<table name="Throttle Rev Limit" storageaddress="0x8806"/>

	<table name="OL Fueling Target Rate" storageaddress="0xB44A"/>

	<table name="Engine torque value map" storageaddress="0xA9BC"/>

	<table name="mMTFDD" storageaddress="0xA03C">
		<table type="X Axis" storageaddress="0xBF94" />
		<table type="Y Axis" storageaddress="0xBF74" />
	</table>

	<table name="mMTFDDS" storageaddress="0xA23C">
		<table type="X Axis" storageaddress="0xBF94" />
		<table type="Y Axis" storageaddress="0xBF74" />
	</table>

	<table name="QH0/ torque conversion map" storageaddress="0xA43C">
		<table type="X Axis" storageaddress="0xC0C4" />
		<table type="Y Axis" storageaddress="0xAE94" />
	</table>

	<table name="mMTFDDS_S" storageaddress="0xD0FC">
		<table type="X Axis" storageaddress="0xD7B8" />
		<table type="Y Axis" storageaddress="0xD798" />
	</table>

	<table name="mMTFDD_S" storageaddress="0xD2FC">
		<table type="X Axis" storageaddress="0xD7B8" />
		<table type="Y Axis" storageaddress="0xD798" /> 
	</table> 

	<table name="QH0/ torque conversion map 2" storageaddress="0xD4FC">
		<table type="X Axis" storageaddress="0xD7D8" />
		<table type="Y Axis" storageaddress="0xD748" />
	</table>

	<table name="MSATHA" storageaddress="0x93A1">
		<table type="X Axis" storageaddress="0xADF3" />
		<table type="Y Axis" storageaddress="0xADD3" />
	</table>

	<table name="MSATHB" storageaddress="0x94A1">
		<table type="X Axis" storageaddress="0xADF3" />
		<table type="Y Axis" storageaddress="0xADD3" />
	</table>

	<table name="MSATH" storageaddress="0x95A1">
		<table type="X Axis" storageaddress="0xADF3" />
		<table type="Y Axis" storageaddress="0xADD3" />
	</table>

	<table name="Knock Slice Table" storageaddress="0xABBC"/>
	<table name="Individual Cylinder Fuel Trims" storageaddress="0xB6FC"/>

	<checksum type="std" start="0" end="0xFFFFF" sumloc="0x89b8" xorloc="0x89b0"/>

</rom>
