<rom base="NISSAN_BASE">
	<romid>
		<xmlid>ZK01B</xmlid>
		<hwid>6ZVYXN00</hwid>
		<internalidaddress>2401</internalidaddress>
		<internalidstring>ZK01B</internalidstring>
		<ecuid>ZK01B</ecuid>
		<year>06</year>
		<market>USDM</market>
		<make>Nissan</make>
		<model>Maxima</model>
		<submodel>Base</submodel>
		<transmission>AT</transmission>
		<memmodel>SH7058</memmodel>
		<flashmethod>nisprog</flashmethod>
		<filesize>1024kb</filesize>
	</romid>

	<table name="Cold Ignition Trim" storageaddress="0x8Da9">
		<table type="X Axis" storageaddress="0xB5fc" />
		<table type="Y Axis" storageaddress="0xB60c" />
	</table>
	<table name="High Octane Ignition Trim" storageaddress="0x8ea9">
		<table type="X Axis" storageaddress="0xB5fc" />
		<table type="Y Axis" storageaddress="0xB60c" />
	</table>
	<table name="Regular Ignition Trim" storageaddress="0x8Fa9">
		<table type="X Axis" storageaddress="0xB5fc" />
		<table type="Y Axis" storageaddress="0xB60c" />
	</table>
	<table name="Fuel Compensation" storageaddress="0x9449">
		<table type="X Axis" storageaddress="0xB4e2" />
		<table type="Y Axis" storageaddress="0xB486" />
	</table>
	<table name="Fuel Target" storageaddress="0x96d9">
		<table type="X Axis" storageaddress="0xB2b5" />
		<table type="Y Axis" storageaddress="0xB45e" />
	</table>
	<table name="Intake Cam Timing (16x16)" storageaddress="0x9ae9">
		<table type="X Axis" storageaddress="0xC2c4" />
		<table type="Y Axis" storageaddress="0xC2e4" />
	</table>
	<table name="MAF" storageaddress="0x0c7fa">
	</table>
	<table name="Rev Limit (Fuel Cut - 3D)" storageaddress="0x8954">
	</table>
	<table name="Idle Target" storageaddress="0xbcbe">
	</table>
	<table name="Fuel Injection Multiplier" storageaddress="0x88c2">
	</table>
	<table name="Injector Latency at 14V" storageaddress="0x8428" />
	<table name="Fuel Injector Latency Adder" storageaddress="0x7d5f" />
	<table name="Speed Limiter" storageaddress="0x8a24" />
	<table name="Load Base Fuel Schedule" storageaddress="0xcae8" />

	<table name="Throttle Rev Limit" storageaddress="0x89ec">
	</table>
	<table name="MAF factor" storageaddress="0x81e2" />

	<checksum type="std" start="0" end="0xFFFFF" sumloc="0x8C10" xorloc="0x8C08" />

</rom>
