<rom base="NISSAN_BASE">
    <romid>
	    <xmlid>ZR35B</xmlid>
	    <hwid>8ZHFAUN5</hwid>
      <internalidaddress>8210</internalidaddress>
      <internalidstring>ZR35B</internalidstring>
      <ecuid>ZR35B</ecuid>
      <year>2008</year>
      <market>US</market>
      <make>Nissan</make>
      <model>Titan</model>
      <submodel>Flex</submodel>
      <transmission>AT</transmission>
      <memmodel>SH7058</memmodel>
      <flashmethod>nisprog</flashmethod>
      <filesize>1024kb</filesize>
    </romid>
	
    <table name="Cold Ignition Trim" storageaddress="0x9235">
      <table type="X Axis" storageaddress="0xBAB0" />
      <table type="Y Axis" storageaddress="0xBAC0" />
    </table>
	
    <table name="Regular Ignition Trim" storageaddress="0x9335">
     <table type="X Axis" storageaddress="0xBAB0" />
     <table type="Y Axis" storageaddress="0xBAC0" />
    </table>
    
    <table name="Fuel Compensation" storageaddress="0x96F5">
      <table type="X Axis" storageaddress="0xB98A" />
      <table type="Y Axis" storageaddress="0xB94E" />
    </table>
	
    <table name="Fuel Target" storageaddress="0x9995">
      <table type="X Axis" storageaddress="0xB81D" />
      <table type="Y Axis" storageaddress="0xB936" />
    </table>
   
    <table name="Intake Cam Timing (8x8)" storageaddress="0x9AD5">
      <table type="X Axis" storageaddress="0xC656" />
      <table type="Y Axis" storageaddress="0xC63E" />
    </table>

	<table name="Intake Cam Timing Cold (8x8)" storageaddress="0x9A95">
      <table type="X Axis" storageaddress="0xC64E" />
      <table type="Y Axis" storageaddress="0xC646" />
    </table>
	
	<table name="Learning map TP shaft lattice point table" storageaddress="0xBFD8"/>
	<table name="Learning map N shaft lattice point table" storageaddress="0xC0BA"/>

	<table name="MAF" storageaddress="0xCC1A"/>

	<table name="Rev Limit (Fuel Cut - 2D)" storageaddress="0x8ECA"/>

	<table name="Fuel Cut Bosch" storageaddress="0xC0C2"/>
	<table name="Fuel Cut JECS" storageaddress="0xC0E6"/>
	<table name="Fuel Restore Bosch" storageaddress="0xC1CE"/>
	<table name="Fuel Restore JECS" storageaddress="0xC286"/>
  <table name="Idle Target" storageaddress="0xC0F6"/>
	

	<table name="Fuel Injection Multiplier" storageaddress="0x8E40"/>

	<table name="mTP100" storageaddress="0x8FEC"/>
	
	<table name="Throttle Rev Limit" storageaddress="0x8F66"/>

	<table name="OL Fueling Target Rate" storageaddress="0xBF80"/>

  <checksum type="alt2" start="0x8204" end="0xFFFFF" sumloc="0x911C" xorloc="0x9114"/>

</rom>
