<rom base="NISSAN_BASE">
	<romid>
		<xmlid>ZY70D</xmlid>
		<hwid>33</hwid>
		<internalidaddress>E4E5</internalidaddress>
		<internalidstring>ZY70D</internalidstring>
		<ecuid>ZY70D</ecuid>
		<year>11</year>
		<market>USDM</market>
		<make>Nissan</make>
		<model>Maxima</model>
		<submodel>Base</submodel>
		<transmission>CVT</transmission>
		<memmodel>SH7058</memmodel>
		<flashmethod>nisprog</flashmethod>
		<filesize>1024kb</filesize>
	</romid>

	<table name="Cold Ignition Trim" storageaddress="0x9C52">
		<table type="X Axis" storageaddress="0xEA53"/>
		<table type="Y Axis" storageaddress="0xEA63"/>
	</table>

	<table name="High Octane Ignition Trim" storageaddress="0x9D52">
		<table type="X Axis" storageaddress="0xEA53"/>
		<table type="Y Axis" storageaddress="0xEA63"/>
	</table>

	<table name="Regular Ignition Trim" storageaddress="0x9E52">
		<table type="X Axis" storageaddress="0xEA53"/>
		<table type="Y Axis" storageaddress="0xEA63"/>
	</table>

  <table  name="MBT Flame Speed"  storageaddress="0xA162">
      <table type="X Axis" storageaddress="0xE574" />
      <table type="Y Axis" storageaddress="0xE578" />
    </table>
	
  <table  name="Fresh air rate"  storageaddress="0xA1f2">
      <table type="X Axis" storageaddress="0xE574" />
      <table type="Y Axis" storageaddress="0xE578" />
    </table>
	
	<table name="Fuel Compensation" storageaddress="0xA652">
		<table type="X Axis" storageaddress="0xE891"/>
		<table type="Y Axis" storageaddress="0xE835"/>
	</table>

	<table name="Fuel Target" storageaddress="0xAC22">
		<table type="X Axis" storageaddress="0xE57C"/>
		<table type="Y Axis" storageaddress="0xE80D"/>
	</table>

	<table name="Exhaust Cam Timing" storageaddress="0xB2D2">
		<table type="X Axis" storageaddress="0xFC0B"/>
		<table type="Y Axis" storageaddress="0xFC2B"/>
	</table>

	<table name="Intake Cam Timing (16x16)" storageaddress="0xB3D2">
		<table type="X Axis" storageaddress="0xFC1B"/>
		<table type="Y Axis" storageaddress="0xFC3B"/>
	</table>
	
	<table name="Intake Cam Timing Cold (8x8)" storageaddress="0xB4D2">
		<table type="X Axis" storageaddress="0xFBA7"/>
		<table type="Y Axis" storageaddress="0xFBC7"/>
	</table>	
	
	<table name="mTDENS" storageaddress="0xEBE7"/>
	<table name="mTFLTW" storageaddress="0xED8F"/>
	<table name="mDILU" storageaddress="0x849F"/>
	<table name="mMBTM" storageaddress="0x892C"/>
	<table name="mMBTT" storageaddress="0x892D"/>
	<table name="mTAU0" storageaddress="0x8CD7"/>
	<table name="mVIASN0A" storageaddress="0x8F1B"/>
	<table name="mVIASN0B" storageaddress="0x8F1C"/>
	<table name="mVIASN1A" storageaddress="0x8F1D"/>
	<table name="mVIASN1B" storageaddress="0x8F1E"/>
	<table name="mVIAST1A" storageaddress="0x8F21"/>
	<table name="mVIAST1B" storageaddress="0x8F22"/>
	<table name="MAF" storageaddress="0x108EE"/>

	<checksum type="alt2" start="0x8204" end="0xFFFFF" sumloc="0x9A18" xorloc="0x9A14"/>


</rom>
