Time (sec),AF Correction 1 (%),AF Correction 3 (%),AF Sens 1 Curr (mA),AF Sens 1 Ratio (AFR),AVCS Exh Table (°),AVCS In Table (°),Accel Position (%),Battery Volts (V),Boost Extended (psi),CL Fuel Target (AFR),CL Fuel Target Table (AFR),CPC Purge Valve Duty (%),Calculated Load (g/rev),Catalyst Temp (F),Comm Fuel Final (AFR),Coolant Temp (F),Dyn Adv Mult (DAM),Dynamic Adv Base Table (°),Dynamic Adv Lrn (°),EGR Estimate (steps),Engine Start Mode (mode),Feedback Knock (°),Fine Knock Learn (°),Fuel Econ Corr (mult),Fuel Pressure (psi),Fuel Pressure Target (psi),Fuel Pump Duty (%),Gear Position (Gear),Ignition Timing (°),Inj Duty Cycle (%),Intake Temp (F),MAF Corr Final (g/s),MAF Table (g/s),MAF Volts (V),Man Abs Press (psi),Oil Temp (F),Per Gear Boost (%),Primary Ign (°),RPM (RPM),Req Torque (Nm),TD Boost Error Ext (psi),TGV Map Ratio (mult),TPS Duty (%),Target Boost Final Abs Ext (psi),Throttle Pos (%),Vehicle Speed (mph),Wastegate Duty (%),AP Info:[AP3-SUB-004 v1.7.4.0-17408][2016 USDM WRX MT COBB Custom Features Gen2][Reflash: Stage2+BigSF 91 v361 LWG.ptm - Realtime: Stage2+BigSF 91 v361 LWG.ptm]
0.000,-0.78,1.56,0.12,15.12,12.00,-16.69,0.0,13.68,-6.49,14.34,14.64,82.8,0.39,1061.5,14.15,190,1.000,0.00,0.00,10.0,0.0,0.00,0.00,1.000,887,756,71.8,6,19.50,2.84,59,21.71,23.89,1.78,6.47,212,0.0,19.50,3327,68.46,1.33,0.000,32.03,7.89,16.5,89,0.00,0
0.008,-0.78,1.56,0.00,15.02,12.00,-16.69,0.0,13.44,-6.45,14.34,14.64,82.8,0.39,1061.5,14.15,190,1.000,0.00,0.00,10.0,0.0,0.00,0.00,1.000,793,756,71.8,6,19.50,2.84,59,21.83,22.11,1.84,6.67,212,0.0,19.50,3324,68.60,1.31,0.000,31.25,7.90,16.5,89,0.00,0
0.022,-0.78,1.56,0.00,15.00,12.00,-16.69,0.0,13.60,-6.44,14.34,14.64,82.8,0.39,1061.5,14.15,190,1.000,0.00,0.00,10.0,0.0,0.00,0.00,1.000,735,756,71.8,6,19.50,2.84,59,21.89,22.92,1.82,6.67,212,0.0,19.50,3323,68.68,1.28,0.000,30.47,7.90,16.5,89,0.00,0
0.026,-0.78,1.56,0.00,14.83,12.00,-16.69,0.0,13.68,-6.44,14.34,14.64,82.8,0.39,1061.5,14.15,190,1.000,0.00,0.00,10.0,0.0,0.00,0.00,1.000,813,756,71.8,6,19.50,2.84,59,21.94,21.63,1.80,6.49,212,0.0,19.50,3326,68.80,1.30,0.000,25.78,7.91,16.5,89,0.00,0
0.055,-0.78,1.56,0.00,14.90,12.00,-16.69,0.0,13.68,-6.42,14.34,14.64,82.8,0.39,1061.5,14.15,190,1.000,0.00,0.00,10.0,0.0,0.00,0.00,1.000,731,756,71.8,6,19.50,2.84,59,21.98,22.11,1.80,6.68,212,0.0,19.50,3323,68.88,1.29,0.000,25.78,7.93,16.5,89,0.00,0
0.109,-0.78,1.56,0.00,14.84,12.00,-16.70,0.0,13.44,-6.41,14.34,14.64,82.8,0.39,1061.5,14.15,190,1.000,0.00,0.00,10.0,0.0,0.00,0.00,1.000,743,756,71.8,6,19.50,3.54,59,22.06,24.05,1.84,6.57,212,0.0,19.50,3320,69.08,1.30,0.000,31.25,7.94,16.5,89,0.00,0
0.158,-0.78,1.56,0.00,14.81,12.00,-16.70,0.0,13.52,-6.39,14.34,14.64,82.8,0.40,1061.5,14.15,190,1.000,0.00,0.00,12.0,0.0,0.00,0.00,1.000,699,756,71.8,6,20.00,2.83,59,22.21,23.40,1.84,6.66,212,0.0,19.50,3323,70.35,1.35,0.000,29.69,8.00,16.9,89,0.00,0
0.181,-0.78,1.56,0.00,14.73,12.51,-16.81,0.0,13.60,-6.31,14.34,14.64,82.8,0.40,1061.5,14.20,190,1.000,0.00,0.00,12.0,0.0,0.00,0.00,1.000,912,876,71.8,6,20.00,2.83,59,22.63,24.05,1.84,6.73,212,0.0,19.00,3320,71.40,1.35,0.000,30.47,8.06,16.9,89,0.00,0
0.186,-7.81,1.56,0.00,14.69,13.01,-16.89,0.0,13.68,-6.17,14.34,14.64,82.4,0.41,1061.4,14.20,190,1.000,0.00,0.00,12.0,0.0,0.00,0.00,1.000,898,876,71.8,6,19.50,2.83,59,23.09,25.03,1.86,6.95,212,0.0,19.00,3324,71.83,1.23,0.000,27.34,8.08,17.3,89,0.00,0
0.203,-7.81,1.56,0.00,14.69,13.02,-16.89,0.0,13.68,-6.14,14.34,14.64,82.4,0.41,1061.4,14.20,190,1.000,0.00,0.00,12.0,0.0,0.00,0.00,1.000,891,876,71.8,6,19.50,2.83,59,23.19,24.37,1.86,6.86,212,0.0,19.00,3322,71.53,1.21,0.000,27.34,8.12,17.3,89,0.00,0
0.223,-7.81,1.56,0.00,14.67,13.02,-16.90,0.0,13.68,-6.11,14.34,14.64,82.4,0.41,1061.4,14.20,190,1.000,0.00,0.00,12.0,0.0,0.00,0.00,1.000,881,876,71.8,6,19.50,2.83,59,23.33,23.40,1.86,6.90,212,0.0,19.00,3321,71.44,1.17,0.000,32.81,8.11,16.9,89,0.00,0
0.227,-7.81,1.56,0.00,14.66,13.02,-16.90,0.0,13.68,-6.07,14.34,14.64,82.4,0.41,1061.4,14.20,190,1.000,0.00,0.00,12.0,0.0,0.00,0.00,1.000,864,876,71.8,6,19.50,2.83,59,23.36,22.75,1.86,7.02,212,0.0,19.00,3320,71.40,1.13,0.000,32.81,8.11,16.9,89,0.00,0
0.244,-7.81,1.56,0.00,14.72,13.02,-16.90,0.0,13.52,-6.08,14.34,14.64,82.4,0.41,1061.4,14.20,190,1.000,0.00,0.00,12.0,0.0,0.00,0.00,1.000,885,876,71.8,6,19.50,2.83,59,23.38,23.08,1.80,6.99,212,0.0,19.00,3322,71.49,1.14,0.000,30.47,8.11,16.9,89,0.00,0
0.270,-7.81,1.56,0.00,14.93,13.02,-16.89,0.0,13.52,-6.04,14.34,14.64,82.4,0.41,1061.3,14.20,190,1.000,0.00,0.00,12.0,0.0,0.00,0.00,1.000,917,876,71.8,6,19.50,2.83,59,23.45,23.89,1.88,6.95,212,0.0,19.00,3322,72.35,1.13,0.000,31.25,8.13,16.9,89,0.00,0
0.274,-7.81,1.56,0.00,15.25,13.02,-16.89,0.0,13.44,-6.03,14.34,14.64,82.8,0.41,1061.3,14.20,190,1.000,0.00,0.00,12.0,0.0,0.00,0.00,1.000,833,876,71.8,6,19.50,2.84,59,23.64,24.05,1.86,7.04,212,0.0,18.50,3322,73.05,1.19,0.000,33.59,8.21,17.3,89,0.00,0
0.300,-7.81,1.56,0.12,15.37,13.52,-16.99,0.0,13.52,-6.01,14.34,14.64,82.8,0.43,1061.3,14.25,190,1.000,0.00,0.00,12.0,0.0,0.00,0.00,1.000,846,876,71.8,6,19.00,2.83,59,23.84,25.03,1.88,7.00,212,0.0,18.50,3321,73.22,1.21,0.000,31.25,8.24,17.3,89,0.00,0
0.340,-7.81,1.56,0.12,15.35,13.54,-17.01,0.0,13.60,-5.96,14.34,14.64,82.8,0.43,1061.3,14.25,190,1.000,0.00,0.00,12.0,0.0,0.00,0.00,1.000,872,876,71.8,6,19.00,2.83,59,24.10,24.70,1.88,7.11,212,0.0,18.50,3320,73.40,1.18,0.000,32.03,8.26,17.3,89,0.00,0
0.375,-7.81,1.56,0.12,15.37,13.53,-17.00,0.0,13.60,-5.96,14.34,14.64,82.8,0.43,1061.2,14.25,190,1.000,0.00,0.00,12.0,0.0,0.00,0.00,1.000,891,876,71.8,6,19.00,2.83,59,24.19,25.19,1.84,7.09,212,0.0,18.50,3320,73.56,1.18,0.000,30.47,8.27,17.3,89,0.00,0
0.414,-7.81,1.56,0.12,15.39,13.52,-17.00,0.0,13.60,-5.92,14.34,14.64,82.8,0.43,1061.2,14.25,190,1.000,0.00,0.00,12.0,0.0,0.00,0.00,1.000,939,876,71.8,6,19.00,2.83,59,24.23,24.86,1.88,7.05,212,0.0,18.50,3321,73.65,1.15,0.000,27.34,8.28,17.3,89,0.00,0
0.454,-7.81,1.56,0.12,15.37,13.52,-17.00,0.0,13.68,-5.88,14.34,14.64,82.8,0.43,1061.2,14.25,190,1.000,0.00,0.00,12.0,0.0,0.00,0.00,1.000,881,876,71.8,6,19.00,2.83,59,24.33,22.59,1.84,7.20,212,0.0,18.50,3322,74.90,1.17,0.000,31.25,8.34,17.3,89,0.00,0
0.497,-7.81,1.56,0.12,15.32,13.53,-17.00,0.0,13.68,-5.90,14.34,14.64,82.8,0.43,1061.2,14.25,190,1.000,0.00,0.00,12.0,0.0,0.00,0.00,1.000,879,876,71.8,6,19.00,2.83,59,24.14,21.32,1.80,7.16,212,0.0,18.50,3317,75.26,1.24,0.000,32.81,8.39,17.3,89,0.00,0
0.586,-7.81,1.56,0.12,15.34,13.54,-17.00,0.0,13.68,-5.84,14.34,14.64,82.8,0.43,1061.2,14.25,190,1.000,0.00,0.00,12.0,0.0,0.00,0.00,1.000,983,876,71.8,6,19.00,2.83,59,24.06,22.92,1.80,7.18,212,0.0,18.50,3319,75.35,1.24,0.000,32.81,8.40,17.3,89,0.00,0
0.592,-7.81,1.56,0.12,15.35,13.53,-17.00,0.0,13.44,-5.82,14.34,14.64,82.8,0.43,1061.1,14.25,190,1.000,0.00,0.00,12.0,0.0,0.00,0.00,1.000,916,876,71.8,6,19.00,2.83,59,24.09,25.85,1.82,7.30,212,0.0,18.50,3321,75.45,1.17,0.000,32.81,8.41,17.3,89,0.00,0
0.636,-7.81,1.56,0.12,15.37,13.54,-17.01,0.0,13.60,-5.81,14.34,14.64,82.4,0.43,1061.1,14.25,190,1.000,0.00,0.00,12.0,0.0,0.00,0.00,1.000,855,876,71.8,6,19.00,2.83,59,24.10,26.50,1.92,7.17,212,0.0,18.50,3316,75.62,1.20,0.000,32.03,8.43,17.3,89,0.00,0
0.719,-7.81,1.56,0.12,15.44,13.54,-17.01,0.0,13.60,-5.79,14.34,14.64,82.4,0.43,1061.1,14.25,190,1.000,0.00,0.00,12.0,0.0,0.00,0.00,1.000,833,876,71.8,6,19.00,2.83,59,24.12,25.85,1.92,7.15,212,0.0,18.50,3316,75.81,1.18,0.000,32.03,8.44,17.3,89,0.00,0
0.723,1.56,1.56,0.12,15.42,13.53,-17.00,0.0,13.52,-5.76,14.34,14.64,82.4,0.43,1061.1,14.25,190,1.000,0.00,0.00,12.0,0.0,0.00,0.00,1.000,874,876,71.8,6,19.00,3.54,59,24.31,24.21,1.94,7.31,212,0.0,18.50,3319,76.62,1.15,0.000,32.03,8.44,17.3,89,0.00,0
0.748,1.56,1.56,0.12,15.49,13.52,-17.00,0.0,13.52,-5.76,14.34,14.64,82.4,0.44,1061.1,14.25,190,1.000,0.00,0.00,12.0,0.0,0.00,0.00,1.000,874,969,71.8,6,19.00,3.54,59,24.34,23.08,1.94,7.35,212,0.0,18.50,3319,77.08,1.20,0.000,32.03,8.50,17.3,89,0.00,0
0.753,1.56,1.56,0.12,15.24,14.05,-17.11,0.0,13.52,-5.73,14.31,14.64,82.8,0.44,1061.0,14.20,190,1.000,0.00,0.00,12.0,0.0,0.00,0.00,1.000,974,969,71.8,6,19.00,3.54,59,24.41,25.03,1.88,7.30,212,0.0,18.00,3315,77.55,1.25,0.000,17.97,8.56,17.3,89,0.00,0
0.778,1.56,1.56,0.00,15.01,14.06,-17.11,0.0,13.52,-5.70,14.31,14.64,82.8,0.44,1061.0,14.20,190,1.000,0.00,0.00,12.0,0.0,0.00,0.00,1.000,984,969,71.8,6,19.00,2.83,59,24.43,22.11,1.80,7.40,212,0.0,18.00,3316,77.65,1.24,0.000,41.41,8.57,17.7,89,0.00,0
0.801,1.56,1.56,0.00,14.86,14.05,-17.11,0.0,13.52,-5.69,14.31,14.64,82.8,0.44,1061.0,14.20,190,1.000,0.00,0.00,12.0,0.0,0.00,0.00,1.000,943,969,71.8,6,19.00,2.83,59,24.44,20.86,1.80,7.39,212,0.0,18.00,3320,77.75,1.21,0.000,41.41,8.57,17.7,89,0.00,0
0.806,1.56,1.56,0.00,14.71,13.53,-17.00,0.0,13.60,-5.69,14.31,14.64,82.8,0.43,1061.0,14.20,190,1.000,0.00,0.00,12.0,0.0,0.00,0.00,1.000,992,876,71.8,6,18.50,2.83,59,24.20,23.08,1.82,7.27,212,0.0,18.50,3320,77.96,1.24,0.000,25.78,8.59,17.7,89,0.00,0
0.822,1.56,1.56,0.00,14.63,13.53,-17.00,0.0,13.36,-5.65,14.31,14.64,82.8,0.43,1061.0,14.20,190,1.000,0.00,0.00,12.0,0.0,0.00,0.00,1.000,924,876,71.8,6,19.00,2.83,59,24.12,24.37,1.84,7.36,212,0.0,18.50,3319,78.05,1.21,0.000,32.03,8.60,17.7,89,0.00,0
0.850,1.56,1.56,0.00,14.57,13.54,-17.01,0.0,13.68,-5.62,14.31,14.64,82.8,0.43,1061.0,14.20,190,1.000,0.00,0.00,12.0,0.0,0.00,0.00,1.000,909,876,71.8,6,19.00,3.54,59,24.15,24.21,1.86,7.50,212,0.0,18.50,3315,79.33,1.23,0.000,39.84,8.66,17.7,89,0.00,0
0.866,1.56,1.56,0.00,14.58,13.54,-17.02,0.0,13.68,-5.61,14.31,14.64,82.8,0.43,1061.0,14.20,190,1.000,0.00,0.00,12.0,0.0,0.00,0.00,1.000,965,876,71.8,6,19.00,3.54,59,24.19,26.67,1.86,7.31,212,0.0,18.50,3316,79.74,1.29,0.000,39.84,8.72,17.7,89,0.00,0
0.895,1.56,1.56,0.00,14.61,13.54,-17.02,0.0,13.52,-5.56,14.31,14.64,82.8,0.43,1061.0,14.20,190,1.000,0.00,0.00,12.0,0.0,0.00,0.00,1.000,909,876,71.8,6,19.00,2.83,59,24.29,25.85,1.92,7.48,212,0.0,18.50,3315,79.85,1.26,0.000,30.47,8.73,17.7,89,0.00,0
0.921,1.56,1.56,0.00,14.61,13.54,-17.02,0.0,13.52,-5.56,14.31,14.64,82.8,0.44,1061.0,14.20,190,1.000,0.00,0.00,12.0,0.0,0.00,0.00,1.000,890,969,71.8,6,19.00,3.54,59,24.35,22.75,1.80,7.53,212,0.0,18.50,3315,80.66,1.24,0.000,32.81,8.74,17.7,89,0.00,0
0.937,1.56,1.56,0.00,14.62,14.06,-17.11,0.0,13.52,-5.55,14.31,14.64,82.8,0.44,1061.0,14.20,190,1.000,0.00,0.00,12.0,0.0,0.00,0.00,1.000,945,969,71.8,6,19.00,3.54,59,24.33,22.92,1.80,7.51,212,0.0,18.50,3315,80.41,1.28,0.000,32.81,8.78,17.7,89,0.00,0
1.017,1.56,1.56,0.00,14.64,14.05,-17.11,0.0,13.52,-5.53,14.31,14.64,82.8,0.44,1061.0,14.20,190,1.000,0.00,0.00,12.0,0.0,0.00,0.00,1.000,935,876,71.8,6,19.00,3.54,59,24.24,24.37,1.84,7.44,212,0.0,18.50,3317,80.65,1.32,0.000,25.00,8.83,17.7,89,0.00,0
1.041,1.56,1.56,0.00,14.66,13.53,-17.00,0.0,13.44,-5.49,14.31,14.64,82.8,0.43,1060.9,14.20,190,1.000,0.00,0.00,12.0,0.0,0.00,0.00,1.000,852,876,71.8,6,19.00,3.54,59,24.27,24.53,1.82,7.63,212,0.0,18.50,3319,81.24,1.34,0.000,41.41,8.90,17.7,89,0.00,0
1.072,1.56,1.56,0.00,14.65,13.54,-17.01,0.0,13.60,-5.48,14.31,14.64,82.8,0.43,1060.9,14.20,190,1.000,0.00,0.00,12.0,0.0,0.00,0.00,1.000,899,876,71.8,6,19.00,3.54,59,24.19,23.08,1.88,7.50,212,0.0,18.50,3316,80.97,1.32,0.000,25.00,8.89,17.7,89,0.00,0
1.096,1.56,1.56,0.00,14.67,13.54,-17.02,0.0,13.60,-5.48,14.31,14.64,82.8,0.43,1060.9,14.20,190,1.000,0.00,0.00,12.0,0.0,0.00,0.00,1.000,913,876,71.8,6,19.00,3.54,59,24.19,25.52,1.88,7.47,212,0.0,18.50,3314,81.94,1.36,0.000,25.00,8.94,17.7,89,0.00,0
1.130,-7.81,1.56,0.00,14.69,13.54,-17.02,0.0,13.52,-5.43,14.31,14.64,82.8,0.43,1060.9,14.20,190,1.000,0.00,0.00,12.0,0.0,0.00,0.00,1.000,845,876,71.8,6,19.00,3.53,59,24.24,25.85,1.86,7.68,212,0.0,18.50,3314,82.24,1.35,0.000,33.59,8.96,17.7,89,0.00,0
1.151,-7.81,1.56,0.00,14.72,13.55,-17.03,0.0,13.68,-5.41,14.31,14.64,82.8,0.43,1060.9,14.20,190,1.000,0.00,0.00,12.0,0.0,0.00,0.00,1.000,865,876,71.8,6,19.00,2.83,59,24.18,21.32,1.82,7.69,212,0.0,18.50,3310,82.35,1.36,0.000,32.81,9.00,18.1,89,0.00,0
1.156,-7.81,1.56,0.00,14.74,13.56,-17.03,0.0,13.68,-5.40,14.31,14.64,82.8,0.43,1060.9,14.20,190,1.000,0.00,0.00,12.0,0.0,0.00,0.00,1.000,827,876,71.8,6,19.00,2.83,59,24.06,22.75,1.82,7.55,212,0.0,18.50,3309,82.49,1.36,0.000,32.81,9.01,18.1,89,0.00,0
1.183,-7.81,1.56,0.00,15.03,13.54,-17.01,0.0,13.60,-5.35,14.31,14.64,82.8,0.43,1060.8,14.20,190,1.000,0.00,0.00,12.0,0.0,0.00,0.00,1.000,967,876,71.8,6,19.00,2.83,59,24.02,24.05,1.82,7.74,212,0.0,18.50,3316,84.11,1.40,0.000,23.44,9.10,18.1,89,0.00,0
1.235,-7.81,1.56,0.00,15.37,13.54,-17.01,0.0,13.60,-5.34,14.31,14.64,82.8,0.43,1060.8,14.20,190,1.000,0.00,0.00,12.0,0.0,0.00,0.00,1.000,883,876,71.8,6,19.00,2.83,59,24.14,24.37,1.84,7.72,212,0.0,18.50,3315,84.43,1.41,0.000,33.59,9.12,18.1,89,0.00,0
1.270,-7.81,1.56,0.12,15.66,13.55,-17.03,0.0,13.68,-5.28,14.31,14.64,82.8,0.44,1060.8,14.20,190,1.000,0.00,0.00,12.0,0.0,0.00,0.00,1.000,880,969,71.8,6,19.00,2.83,59,24.30,25.03,1.90,7.77,212,0.0,18.50,3310,84.83,1.40,0.000,31.25,9.17,18.1,89,0.00,0
1.285,-7.81,1.56,0.12,15.77,14.07,-17.12,0.0,13.36,-5.26,14.31,14.64,82.8,0.44,1060.8,14.20,190,1.000,0.00,0.00,12.0,0.0,0.00,0.00,1.000,864,969,71.8,6,19.00,2.82,59,24.44,25.68,1.86,7.86,212,0.0,18.00,3313,84.95,1.39,0.000,24.22,9.18,18.1,89,0.00,0
1.313,-7.81,1.56,0.25,16.00,14.06,-17.12,0.0,13.68,-5.25,14.31,14.64,82.8,0.44,1060.7,14.20,190,1.000,0.00,0.00,12.0,0.0,0.00,0.00,1.000,969,969,71.8,6,18.50,2.83,59,24.55,25.19,1.86,7.81,212,0.0,18.00,3315,85.09,1.38,0.000,31.25,9.19,18.1,89,0.00,0
1.343,-7.81,1.56,0.25,16.16,14.06,-17.12,0.0,13.68,-5.25,14.31,14.64,82.8,0.44,1060.7,14.20,190,1.000,0.00,0.00,12.0,0.0,0.00,0.00,1.000,940,969,71.8,6,18.50,2.83,59,24.63,28.31,1.86,7.72,212,0.0,18.00,3314,85.21,1.41,0.000,31.25,9.20,18.1,89,0.00,0
1.357,-7.81,1.56,0.25,16.14,14.06,-17.12,0.0,13.84,-5.22,14.31,14.64,82.8,0.44,1060.7,14.20,190,1.000,0.00,0.00,12.0,0.0,0.00,0.00,1.000,989,969,71.8,6,18.50,2.83,59,24.81,26.83,1.96,7.74,212,0.0,18.00,3313,86.08,1.44,0.000,24.22,9.27,18.1,89,0.00,0
1.387,-7.81,1.56,0.25,16.18,14.07,-17.13,0.0,13.84,-5.22,14.31,14.64,82.8,0.44,1060.7,14.20,190,1.000,0.00,0.00,12.0,0.0,0.00,0.00,1.000,1050,969,71.8,6,18.50,2.83,59,24.96,25.03,1.96,7.87,212,0.0,18.00,3309,86.88,1.48,0.000,24.22,9.31,18.1,89,0.00,0
1.406,-7.81,1.56,0.25,16.19,14.58,-17.22,0.0,13.60,-5.21,14.31,14.64,82.8,0.45,1060.7,14.20,190,1.000,0.00,0.00,13.0,0.0,0.00,0.00,1.000,1039,969,71.8,6,18.50,2.82,59,25.13,26.67,1.88,7.87,212,0.0,17.50,3310,87.03,1.50,0.000,27.34,9.33,18.1,89,0.00,0
1.429,-7.81,1.56,0.25,16.21,14.58,-17.22,0.0,13.36,-5.19,14.31,14.64,82.8,0.45,1060.7,14.20,190,1.000,0.00,0.00,14.0,0.0,0.00,0.00,1.000,1047,969,71.8,6,18.00,2.83,59,25.28,26.50,1.92,7.77,212,0.0,17.50,3312,87.18,1.50,0.000,40.62,9.34,18.5,89,0.00,0
1.445,-7.81,1.56,0.25,16.23,14.58,-17.22,0.0,13.36,-5.15,14.31,14.64,82.8,0.45,1060.7,14.20,190,1.000,0.00,0.00,14.0,0.0,0.00,0.00,1.000,1026,969,71.8,6,18.00,2.83,59,25.47,27.65,1.92,7.84,212,0.0,17.50,3313,88.04,1.46,0.000,40.62,9.35,18.5,89,0.00,0
1.473,-7.81,1.56,0.25,16.16,14.58,-17.22,0.0,13.44,-5.08,14.31,14.64,82.8,0.47,1060.6,14.20,190,1.000,0.00,0.00,14.0,0.0,0.00,0.00,1.000,994,969,71.8,6,17.50,2.83,59,25.81,27.65,1.94,8.05,212,0.0,17.00,3315,87.81,1.49,0.000,25.78,9.41,18.5,89,0.00,0
1.506,-7.81,1.56,0.25,16.15,15.10,-17.32,0.0,13.44,-5.04,14.31,14.64,82.8,0.47,1060.6,14.25,190,1.000,0.00,0.00,14.0,0.0,0.00,0.00,1.000,914,969,71.8,6,17.50,2.83,59,25.97,27.16,1.94,8.05,212,0.0,17.00,3315,87.74,1.40,0.000,25.78,9.40,18.5,89,0.00,0
1.526,-7.81,1.56,0.25,16.19,15.09,-17.32,0.0,13.60,-5.01,14.31,14.64,83.6,0.47,1060.6,14.25,190,1.000,0.00,0.00,14.0,0.0,0.00,0.00,1.000,953,969,71.8,6,17.50,2.83,59,26.08,25.52,1.96,8.07,212,0.0,17.00,3313,87.89,1.37,0.000,21.88,9.39,18.5,89,0.00,0
1.548,-7.81,1.56,0.25,16.15,15.10,-17.32,0.0,13.44,-4.96,14.31,14.64,83.6,0.47,1060.6,14.25,190,1.000,0.00,0.00,14.0,0.0,0.00,0.00,1.000,927,969,71.8,6,17.50,2.83,59,26.02,25.19,1.88,8.05,212,0.0,17.00,3312,88.75,1.33,0.000,25.00,9.41,18.5,89,0.00,0
1.579,-7.81,1.56,0.25,16.15,15.10,-17.32,0.0,13.44,-4.96,14.31,14.64,83.6,0.47,1060.6,14.25,190,1.000,0.00,0.00,14.0,0.0,0.00,0.00,1.000,938,969,71.8,6,17.50,2.83,59,26.07,26.99,1.88,8.11,212,0.0,17.00,3313,89.24,1.37,0.000,25.00,9.47,18.5,89,0.00,0
1.603,1.56,1.56,0.25,16.15,15.10,-17.32,0.0,13.68,-4.92,14.31,14.64,83.2,0.47,1060.6,14.25,190,1.000,0.00,0.00,14.0,0.0,0.00,0.00,1.000,963,969,71.8,6,17.50,2.82,59,26.15,26.50,1.86,8.16,212,0.0,17.00,3312,89.71,1.40,0.000,41.41,9.53,18.5,89,0.00,0
1.631,1.56,1.56,0.25,16.07,15.08,-17.31,0.0,13.68,-4.88,14.31,14.64,83.2,0.47,1060.5,14.25,190,1.000,0.00,0.00,14.0,0.0,0.00,0.00,1.000,968,969,71.8,6,17.50,3.54,59,26.37,27.81,1.98,8.10,212,0.0,17.00,3320,89.86,1.37,0.000,22.66,9.53,18.5,89,0.00,0
1.661,1.56,1.56,0.25,15.90,15.07,-17.31,0.0,13.68,-4.83,14.31,14.64,83.2,0.47,1060.5,14.25,190,1.000,0.00,0.00,14.0,0.0,0.00,0.00,1.000,952,969,71.8,6,17.50,3.54,59,26.45,26.50,1.98,8.21,212,0.0,17.00,3320,90.03,1.33,0.000,22.66,9.55,18.5,89,0.00,0
1.700,1.56,1.56,0.25,15.65,15.61,-17.42,0.0,13.52,-4.84,14.31,14.64,83.2,0.48,1060.5,14.25,190,1.000,0.00,0.00,14.0,0.0,0.00,0.00,1.000,924,969,71.8,6,17.50,3.54,59,26.43,28.47,1.94,8.24,212,0.0,17.00,3312,91.40,1.41,0.000,25.00,9.63,18.9,89,0.00,0
1.715,1.56,1.56,0.12,15.36,15.65,-17.44,0.0,13.60,-4.80,14.31,14.64,83.2,0.48,1060.5,14.25,190,1.000,0.00,0.00,14.0,0.0,0.00,0.00,1.000,950,1062,71.8,6,17.50,3.53,59,26.54,27.65,1.92,8.16,212,0.0,16.50,3306,91.74,1.45,0.000,41.41,9.70,18.9,89,0.00,0
1.744,1.56,1.56,0.12,15.22,15.62,-17.42,0.0,13.60,-4.73,14.31,14.64,83.2,0.48,1060.5,14.25,190,1.000,0.00,0.00,16.0,0.0,0.00,0.00,1.000,1037,1062,71.8,6,17.50,3.53,59,26.60,24.70,1.92,8.32,212,0.0,16.50,3310,92.06,1.41,0.000,41.41,9.71,18.9,89,0.00,0
1.774,1.56,1.56,0.00,15.11,15.60,-17.42,0.0,13.44,-4.69,14.31,14.64,82.8,0.48,1060.5,14.25,190,1.000,0.00,0.00,16.0,0.0,0.00,0.00,1.000,1088,1062,71.8,6,17.00,3.53,59,26.71,26.83,1.86,8.43,212,0.0,16.50,3313,92.21,1.37,0.000,42.97,9.71,18.9,89,0.00,0
1.789,1.56,1.56,0.00,15.06,15.60,-17.41,0.0,13.52,-4.67,14.31,14.64,82.8,0.48,1060.4,14.25,190,1.000,0.00,0.00,16.0,0.0,0.00,0.00,1.000,1055,1062,71.8,6,17.00,3.53,59,26.72,27.16,1.94,8.41,212,0.0,16.50,3312,92.38,1.35,0.000,32.81,9.72,18.9,89,0.00,0
1.822,1.56,1.56,0.00,15.01,15.60,-17.41,0.0,13.52,-4.63,14.31,14.64,82.8,0.48,1060.4,14.25,190,1.000,0.00,0.00,16.0,0.0,0.00,0.00,1.000,1097,1062,71.8,6,17.00,3.53,59,26.72,26.17,1.94,8.45,212,0.0,16.50,3312,92.54,1.34,0.000,32.81,9.73,18.9,89,0.00,0
1.855,1.56,1.56,0.00,14.92,15.63,-17.43,0.0,13.60,-4.54,14.31,14.64,83.2,0.48,1060.4,14.25,190,1.000,0.00,0.00,16.0,0.0,0.00,0.00,1.000,1140,1062,71.8,6,17.00,3.53,59,26.69,29.45,1.90,8.49,212,0.0,16.50,3308,93.41,1.30,0.000,29.69,9.82,18.9,89,0.00,0
1.876,1.56,1.56,0.00,14.94,15.63,-17.43,0.0,13.68,-4.50,14.31,14.64,83.2,0.48,1060.4,14.25,190,1.000,0.00,0.00,16.0,0.0,0.00,0.00,1.000,1084,1062,71.8,6,17.00,2.82,59,26.90,27.98,1.98,8.59,212,0.0,16.50,3310,94.28,1.32,0.000,41.41,9.85,19.3,89,0.00,0
1.902,1.56,1.56,0.00,14.94,15.61,-17.42,0.0,13.68,-4.47,14.31,14.64,83.2,0.48,1060.4,14.25,190,1.000,0.00,0.00,16.0,0.0,0.00,0.00,1.000,1010,1062,71.8,6,17.00,2.82,59,27.08,28.31,1.98,8.56,212,0.0,16.50,3312,94.44,1.33,0.000,41.41,9.89,19.3,89,0.00,0
1.932,1.56,1.56,0.00,15.02,15.60,-17.42,0.0,13.44,-4.43,14.31,14.64,83.6,0.48,1060.4,14.25,190,1.000,0.00,0.00,16.0,0.0,0.00,0.00,1.000,1018,1062,71.8,6,17.00,3.53,59,27.11,27.32,1.90,8.54,212,0.0,16.50,3313,93.90,1.23,0.000,30.47,9.85,19.3,89,0.00,0
1.947,1.56,1.56,0.00,14.98,15.60,-17.41,0.0,13.44,-4.37,14.31,14.64,83.6,0.49,1060.4,14.25,190,1.000,0.00,0.00,16.0,0.0,0.00,0.00,1.000,1030,1062,71.8,6,17.00,3.54,59,27.25,28.47,1.98,8.72,212,0.0,16.50,3315,93.69,1.15,0.000,31.25,9.83,19.3,89,0.00,0
1.977,1.56,1.56,0.00,14.94,16.12,-17.52,0.0,13.44,-4.38,14.31,14.64,83.6,0.49,1060.4,14.31,190,1.000,0.00,0.00,16.0,0.0,0.00,0.00,1.000,1029,1062,71.8,6,17.00,3.54,59,27.30,29.45,1.98,8.71,212,0.0,16.50,3310,93.86,1.14,0.000,31.25,9.83,19.3,89,0.00,0
1.996,1.56,1.56,0.00,14.98,16.14,-17.53,0.0,13.68,-4.37,14.31,14.64,84.0,0.49,1060.4,14.31,190,1.000,0.00,0.00,16.0,0.0,0.00,0.00,1.000,1037,1062,71.8,6,17.00,3.53,59,27.40,31.03,2.00,8.73,212,0.0,16.50,3309,94.71,1.17,0.000,27.34,9.85,19.3,89,0.00,0
2.022,1.56,1.56,0.00,14.95,16.15,-17.53,0.0,13.68,-4.34,14.31,14.64,84.0,0.49,1060.4,14.31,190,1.000,0.00,0.00,16.0,0.0,0.00,0.00,1.000,1074,1062,71.8,6,17.00,3.53,59,27.49,27.81,2.00,8.60,212,0.0,16.50,3309,94.54,1.19,0.000,27.34,9.90,19.3,89,0.00,0
2.056,1.56,1.56,0.00,14.96,16.13,-17.52,0.0,13.44,-4.31,14.31,14.64,84.0,0.49,1060.4,14.31,190,1.000,0.00,0.00,16.0,0.0,0.00,0.00,1.000,1069,1062,71.8,6,17.00,3.53,59,27.63,27.32,1.98,8.70,212,0.0,16.00,3312,94.51,1.15,0.000,31.25,9.90,19.3,89,0.00,0
2.076,-7.81,1.56,0.00,14.96,16.13,-17.52,0.0,13.68,-4.31,14.31,14.64,84.0,0.49,1060.4,14.31,190,1.000,0.00,0.00,18.0,0.0,0.00,0.00,1.000,1084,1062,71.8,6,16.50,3.53,59,27.62,27.16,1.96,8.77,212,0.0,16.00,3309,95.01,1.18,0.000,40.62,9.95,19.3,89,0.00,0
2.101,-7.81,1.56,0.00,14.94,16.14,-17.53,0.0,13.68,-4.29,14.31,14.64,84.0,0.49,1060.4,14.31,190,1.000,0.00,0.00,18.0,0.0,0.00,0.00,1.000,1108,1062,71.8,6,16.50,3.53,59,27.63,29.45,1.96,8.75,212,0.0,16.00,3309,94.99,1.18,0.000,40.62,9.93,19.3,89,0.00,0
2.117,-7.81,1.56,0.00,14.91,16.16,-17.53,0.0,13.60,-4.24,14.31,14.64,84.0,0.49,1060.3,14.31,190,1.000,0.00,0.00,18.0,0.0,0.00,0.00,1.000,1078,1062,71.8,6,16.50,2.82,59,27.61,27.16,2.02,8.71,212,0.0,16.00,3306,94.96,1.12,0.000,17.97,9.94,19.3,89,0.00,0
2.146,-7.81,1.56,0.00,14.94,16.16,-17.53,0.0,13.60,-4.17,14.31,14.64,84.0,0.49,1060.3,14.31,190,1.000,0.00,0.00,18.0,0.0,0.00,0.00,1.000,1016,1062,71.8,6,16.50,2.82,59,27.68,26.99,2.02,8.96,212,0.0,16.00,3306,95.26,1.08,0.000,17.97,9.95,19.3,89,0.00,0
2.166,-7.81,1.56,0.00,15.07,16.14,-17.53,0.0,13.52,-4.15,14.31,14.64,83.6,0.49,1060.3,14.31,190,1.000,0.00,0.00,18.0,0.0,0.00,0.00,1.000,1000,1062,71.8,6,16.50,2.82,59,27.73,28.63,1.94,9.04,212,0.0,16.00,3308,96.15,1.05,0.000,28.12,9.95,19.3,89,0.00,0
2.189,-7.81,1.56,0.12,15.26,16.15,-17.53,0.0,13.52,-4.14,14.31,14.64,83.6,0.49,1060.3,14.31,190,1.000,0.00,0.00,18.0,0.0,0.00,0.00,1.000,1029,1062,71.8,6,16.50,2.82,59,27.74,27.81,1.96,8.86,212,0.0,16.00,3308,96.66,1.13,0.000,28.91,10.02,19.3,89,0.00,0
2.207,-7.81,1.56,0.12,15.43,16.14,-17.53,0.0,13.52,-4.11,14.31,14.64,83.6,0.49,1060.3,14.31,190,1.000,0.00,0.00,18.0,0.0,0.00,0.00,1.000,1063,1062,71.8,6,16.50,2.82,59,27.73,27.32,1.96,8.85,212,0.0,16.00,3308,96.99,1.14,0.000,28.91,10.06,19.3,89,0.00,0
2.229,-7.81,1.56,0.12,15.56,16.17,-17.54,0.0,13.52,-4.06,14.31,14.64,83.6,0.49,1060.3,14.31,190,1.000,0.00,0.00,18.0,0.0,0.00,0.00,1.000,1067,1062,71.8,6,16.50,2.82,59,27.74,27.16,1.94,8.95,212,0.0,16.00,3306,97.15,1.13,0.000,27.34,10.08,19.3,89,0.00,0
2.261,-7.81,1.56,0.12,15.70,16.16,-17.53,0.0,13.52,-4.03,14.31,14.64,83.6,0.49,1060.3,14.31,190,1.000,0.00,0.00,18.0,0.0,0.00,0.00,1.000,1121,1062,71.8,6,16.50,2.82,59,27.80,28.63,1.94,9.09,212,0.0,16.00,3307,97.33,1.09,0.000,27.34,10.10,19.3,89,0.00,0
2.277,-7.81,1.56,0.12,15.79,16.69,-17.64,0.0,13.92,-4.03,14.31,14.64,83.6,0.50,1060.2,14.31,190,1.000,0.00,0.00,18.0,0.0,0.00,0.00,1.000,1125,1062,71.8,6,16.50,2.82,59,27.86,27.65,1.94,9.09,212,0.0,16.00,3309,97.49,1.09,0.000,29.69,10.11,19.3,89,0.00,0
2.297,-7.81,1.56,0.12,15.92,16.67,-17.63,0.0,13.92,-4.03,14.31,14.64,83.6,0.50,1060.2,14.31,190,1.000,0.00,0.00,18.0,0.0,0.00,0.00,1.000,1049,1062,71.8,6,16.50,2.82,59,27.87,26.83,1.94,8.97,212,0.0,16.00,3309,97.65,1.10,0.000,29.69,10.12,19.3,89,0.00,0
2.322,-7.81,1.56,0.25,15.90,16.67,-17.63,0.0,13.52,-3.97,14.31,14.64,82.8,0.50,1060.2,14.31,190,1.000,0.00,0.00,18.0,0.0,0.00,0.00,1.000,971,1062,71.8,6,16.50,2.82,59,27.83,28.14,1.96,9.00,212,0.0,16.00,3308,97.80,1.06,0.000,22.66,10.14,19.3,89,0.00,0
2.354,-7.81,1.56,0.25,15.96,16.66,-17.62,0.0,13.52,-3.93,14.31,14.64,82.8,0.50,1060.2,14.31,190,1.000,0.00,0.00,18.0,0.0,0.00,0.00,1.000,1049,1062,71.8,6,16.50,2.82,59,27.91,29.13,1.96,9.15,212,0.0,16.00,3310,98.68,1.08,0.000,22.66,10.20,19.3,89,0.00,0
2.384,-7.81,1.56,0.25,16.06,16.65,-17.62,0.0,13.60,-3.93,14.31,14.64,82.8,0.50,1060.2,14.31,190,1.000,0.00,0.00,18.0,0.0,0.00,0.00,1.000,1071,1062,71.8,6,16.50,3.53,59,28.07,29.45,2.00,9.12,212,0.0,16.00,3309,98.84,1.11,0.000,27.34,10.24,19.7,89,0.00,0
2.411,-7.81,1.56,0.25,16.16,16.66,-17.63,0.0,13.68,-3.92,14.31,14.64,83.2,0.50,1060.2,14.31,190,1.000,0.00,0.00,18.0,0.0,0.00,0.00,1.000,1014,1062,71.8,6,16.50,2.82,59,28.41,31.03,2.08,9.03,212,0.0,16.00,3309,99.55,1.14,0.000,41.41,10.27,19.7,89,0.00,0
2.439,-7.81,1.56,0.25,16.17,16.67,-17.63,0.0,13.68,-3.87,14.31,14.64,83.2,0.52,1060.2,14.31,190,1.000,0.00,0.00,18.0,0.0,0.00,0.00,1.000,1019,1062,71.8,6,16.50,2.82,59,28.60,30.41,2.08,9.16,212,0.0,15.50,3309,99.89,1.07,0.000,41.41,10.24,19.7,89,0.00,0
2.453,-7.81,1.56,0.25,16.16,17.17,-17.72,0.0,13.44,-3.84,14.31,14.64,83.2,0.52,1060.1,14.31,190,1.000,0.00,0.00,20.0,0.0,0.00,0.00,1.000,982,1155,71.8,6,16.00,3.53,59,28.84,30.41,2.02,9.28,212,0.0,15.50,3313,100.24,1.10,0.000,32.81,10.29,19.7,89,0.00,0
2.491,-7.81,1.56,0.25,16.22,17.19,-17.73,0.0,13.76,-3.83,14.31,14.64,83.2,0.52,1060.1,14.31,190,1.000,0.00,0.00,20.0,0.0,0.00,0.00,1.000,1166,1155,71.8,6,16.00,3.53,59,28.86,26.99,1.94,9.20,212,0.0,15.50,3309,100.40,1.08,0.000,32.03,10.28,19.7,89,0.00,0
2.506,-7.81,1.56,0.25,16.23,17.20,-17.73,0.0,13.68,-3.79,14.31,14.64,83.2,0.52,1060.1,14.31,190,1.000,0.00,0.00,20.0,0.0,0.00,0.00,1.000,1158,1155,71.8,6,16.00,2.82,59,28.83,29.13,2.04,9.19,212,0.0,15.50,3306,100.75,1.09,0.000,42.97,10.34,19.7,89,0.00,0
2.536,-7.81,1.56,0.25,16.19,17.22,-17.74,0.0,13.68,-3.71,14.31,14.64,83.2,0.52,1060.1,14.31,190,1.000,0.00,0.00,20.0,0.0,0.00,0.00,1.000,1136,1155,71.8,6,16.00,2.82,59,28.93,28.31,2.04,9.43,212,0.0,15.50,3306,101.09,1.07,0.000,42.97,10.37,19.7,89,0.00,0
2.552,-7.81,1.56,0.25,16.25,17.19,-17.73,0.0,13.60,-3.68,14.31,14.64,83.6,0.52,1060.1,14.31,190,1.000,0.00,0.00,20.0,0.0,0.00,0.00,1.000,1164,1155,71.8,6,16.00,2.82,59,29.02,30.41,1.98,9.46,212,0.0,15.50,3308,101.99,1.08,0.000,27.34,10.45,20.1,88,0.00,0
2.581,-7.81,1.56,0.25,16.24,17.19,-17.73,0.0,13.60,-3.68,14.31,14.64,83.6,0.52,1060.1,14.31,190,1.000,0.00,0.00,20.0,0.0,0.00,0.00,1.000,1169,1155,71.8,6,16.00,2.82,59,29.19,32.49,1.98,9.37,212,0.0,15.50,3308,102.89,1.12,0.000,27.34,10.49,20.1,88,0.00,0
2.616,7.81,1.56,0.25,16.28,17.16,-17.72,0.0,13.52,-3.63,14.31,14.64,83.6,0.53,1060.0,14.31,190,1.000,0.00,0.00,20.0,0.0,0.00,0.00,1.000,1129,1155,71.8,6,16.00,2.82,59,29.41,30.41,2.08,9.32,212,0.0,15.50,3314,103.08,1.11,0.000,25.00,10.51,20.1,88,0.00,0
2.636,7.81,1.56,0.25,16.21,18.01,-17.10,0.0,13.52,-3.56,14.31,14.64,84.0,0.53,1060.0,14.31,190,1.000,0.00,0.00,20.0,0.0,0.00,0.00,1.000,1212,1155,71.8,6,16.00,3.54,59,29.59,30.20,2.04,9.55,212,0.0,15.50,3316,102.54,1.07,0.000,34.38,10.51,20.1,89,0.00,0
2.658,7.81,1.56,0.25,15.98,18.05,-17.11,0.0,13.52,-3.54,14.31,14.64,84.0,0.53,1060.0,14.31,190,1.000,0.00,0.00,20.0,0.0,0.00,0.00,1.000,1276,1155,71.8,6,16.00,3.54,59,29.57,30.41,2.04,9.55,212,0.0,15.50,3309,102.36,0.97,0.000,34.38,10.48,20.1,89,0.00,0
2.693,7.81,1.56,0.25,15.59,18.07,-17.12,0.0,13.76,-3.54,14.31,14.64,84.0,0.53,1060.0,14.31,190,1.000,0.00,0.00,20.0,0.0,0.00,0.00,1.000,1189,1155,71.8,6,16.00,3.53,59,29.55,28.80,2.00,9.53,212,0.0,15.50,3307,102.36,0.98,0.000,28.91,10.48,20.1,89,0.00,0
2.704,7.81,1.56,0.25,15.24,18.06,-17.12,0.0,13.76,-3.51,14.28,14.64,84.0,0.53,1060.0,14.31,190,1.000,0.00,0.00,20.0,0.0,0.00,0.00,1.000,1225,1155,71.8,6,16.00,3.53,59,29.50,30.20,2.00,9.39,212,0.0,15.50,3308,102.70,0.96,0.000,28.91,10.50,20.1,89,0.00,0
2.731,7.81,2.34,0.00,14.89,18.06,-17.12,0.0,13.76,-3.48,14.28,14.64,83.2,0.53,1060.0,14.31,190,1.000,0.00,0.00,20.0,0.0,0.00,0.00,1.000,1223,1155,71.8,6,16.00,3.53,59,29.54,30.82,2.02,9.57,212,0.0,15.50,3308,102.88,0.94,0.000,36.72,10.51,20.1,89,0.00,0
2.756,7.81,2.34,0.00,14.75,18.05,-17.11,0.0,13.68,-3.47,14.28,14.64,83.2,0.53,1059.9,14.31,190,1.000,0.00,0.00,20.0,0.0,0.00,0.00,1.000,1241,1155,71.8,6,16.00,3.53,59,29.66,30.41,2.02,9.65,212,0.0,15.50,3312,103.05,0.92,0.000,29.69,10.51,20.1,89,0.00,0
2.786,7.81,2.34,0.00,14.73,18.04,-17.11,0.0,13.68,-3.48,14.28,14.64,83.2,0.53,1059.9,14.31,190,1.000,0.00,0.00,20.0,0.0,0.00,0.00,1.000,1253,1155,71.8,6,16.00,3.53,59,29.71,30.62,2.02,9.57,212,0.0,15.50,3312,103.21,0.94,0.000,29.69,10.52,20.1,89,0.00,0
2.805,7.81,2.34,0.00,14.61,18.06,-17.12,0.0,13.68,-3.43,14.28,14.64,84.4,0.53,1059.9,14.31,190,1.000,0.00,0.00,20.0,0.0,0.00,0.00,1.000,1158,1155,71.8,6,16.00,3.53,59,29.73,27.49,2.06,9.53,212,0.0,15.50,3308,103.56,0.95,0.000,28.12,10.55,20.1,89,0.00,0
2.832,7.81,2.34,0.00,14.60,18.08,-17.12,0.0,13.44,-3.40,14.28,14.64,84.4,0.53,1059.9,14.31,190,1.000,0.00,0.00,20.0,0.0,0.00,0.00,1.000,1194,1155,71.8,6,16.00,3.53,59,29.65,29.45,2.00,9.70,212,0.0,15.50,3307,103.72,0.92,0.000,39.06,10.57,20.1,89,0.00,0
2.864,7.81,2.34,0.00,14.54,18.07,-17.12,0.0,13.44,-3.38,14.28,14.64,84.4,0.53,1059.9,14.31,190,1.000,0.00,0.00,20.0,0.0,0.00,0.00,1.000,1223,1155,71.8,6,16.00,3.53,59,29.64,27.65,2.00,9.74,212,0.0,15.50,3310,103.91,0.92,0.000,39.06,10.58,20.1,89,0.00,0
2.894,7.81,2.34,0.00,14.56,18.08,-17.12,0.0,13.92,-3.41,14.28,14.64,83.2,0.53,1059.9,14.31,190,1.000,0.00,0.00,20.0,0.0,0.00,0.00,1.000,1207,1155,71.8,6,16.00,3.53,59,29.43,28.31,1.94,9.54,212,0.0,15.50,3308,104.25,0.97,0.000,20.31,10.61,20.1,89,0.00,0
2.909,7.81,2.34,0.00,14.53,18.06,-17.12,0.0,13.68,-3.37,14.28,14.64,83.2,0.53,1059.9,14.31,190,1.000,0.00,0.00,20.0,0.0,0.00,0.00,1.000,1184,1155,71.8,6,16.00,3.53,59,29.40,29.45,2.00,9.58,212,0.0,15.50,3307,104.41,0.96,0.000,30.47,10.62,20.1,88,0.00,0
2.942,7.81,2.34,0.00,14.51,18.08,-17.12,0.0,13.68,-3.34,14.28,14.64,83.2,0.53,1059.9,14.31,190,1.000,0.00,0.00,20.0,0.0,0.00,0.00,1.000,1207,1155,71.8,6,16.00,3.53,59,29.40,30.20,2.00,9.72,212,0.0,15.50,3304,105.31,0.93,0.000,30.47,10.64,20.1,88,0.00,0
2.957,7.81,2.34,0.00,14.49,18.05,-17.11,0.0,13.68,-3.32,14.28,14.64,84.4,0.53,1059.9,14.31,190,1.000,0.00,0.00,20.0,0.0,0.00,0.00,1.000,1209,1155,71.8,6,16.00,3.53,59,29.70,33.32,2.08,9.76,212,0.0,15.50,3308,105.84,1.00,0.000,25.00,10.73,20.1,88,0.00,0
2.987,7.81,2.34,-0.12,14.48,18.05,-17.11,0.0,13.84,-3.30,14.28,14.64,84.4,0.53,1059.9,14.31,190,1.000,0.00,0.00,20.0,0.0,0.00,0.00,1.000,1178,1155,71.8,6,16.00,3.53,59,29.89,31.66,2.06,9.60,212,0.0,15.50,3309,106.38,1.02,0.000,26.56,10.76,20.5,89,0.00,0
3.006,7.81,2.34,-0.12,14.49,18.05,-17.11,0.0,13.84,-3.27,14.28,14.64,84.4,0.54,1059.9,14.31,190,1.000,0.00,0.00,20.0,0.0,0.00,0.00,1.000,1126,1155,71.8,6,16.00,3.53,59,29.97,33.11,2.06,9.69,212,0.0,15.50,3310,105.83,1.01,0.000,26.56,10.77,20.5,89,0.00,0
3.031,7.81,2.34,-0.12,14.48,18.95,-16.50,0.0,13.52,-3.24,14.28,14.64,83.6,0.54,1059.9,14.31,190,1.000,0.00,0.00,20.0,0.0,0.00,0.00,1.000,1183,1155,71.8,6,16.00,3.53,59,30.23,29.29,2.04,9.87,212,0.0,15.50,3307,105.64,0.94,0.000,31.25,10.73,20.1,89,0.00,0
3.061,7.81,2.34,-0.12,14.47,18.94,-16.50,0.0,13.52,-3.23,14.28,14.64,83.6,0.54,1059.9,14.31,190,1.000,0.00,0.00,20.0,0.0,0.00,0.00,1.000,1166,1155,71.8,6,16.00,3.53,59,30.35,30.82,2.04,9.84,212,0.0,15.50,3310,105.61,0.90,0.000,31.25,10.72,20.1,89,0.00,0
3.076,-2.34,2.34,-0.12,14.49,18.94,-16.50,0.0,13.76,-3.23,14.28,14.64,83.6,0.54,1059.8,14.31,190,1.000,0.00,0.00,20.0,0.0,0.00,0.00,1.000,1201,1155,71.8,6,16.00,3.53,59,30.26,29.13,2.02,9.75,212,0.0,15.50,3308,105.80,0.91,0.000,39.06,10.73,20.1,88,0.00,0
3.105,-2.34,2.34,-0.12,14.45,18.95,-16.50,0.0,13.68,-3.19,14.28,14.64,83.6,0.54,1059.8,14.31,190,1.000,0.00,0.00,20.0,0.0,0.00,0.00,1.000,1142,1155,71.8,6,16.00,3.53,59,30.29,32.90,2.10,9.77,212,0.0,15.50,3307,106.50,0.96,0.000,30.47,10.80,20.5,89,0.00,0
3.136,-2.34,2.34,-0.12,14.43,18.97,-16.50,0.0,13.68,-3.17,14.28,14.64,82.8,0.54,1059.8,14.31,190,1.000,0.00,0.00,20.0,0.0,0.00,0.00,1.000,1157,1155,71.8,6,16.00,3.53,59,30.40,31.86,2.10,9.96,212,0.0,15.50,3304,106.47,0.92,0.000,30.47,10.79,20.5,89,0.00,0
3.149,-2.34,2.34,-0.12,14.46,18.94,-16.50,0.0,13.84,-3.15,14.28,14.64,82.8,0.54,1059.8,14.31,190,1.000,0.00,0.00,20.0,0.0,0.00,0.00,1.000,1124,1155,71.8,6,16.00,3.53,59,30.62,31.66,2.08,9.95,212,0.0,15.50,3308,106.47,0.89,0.000,28.91,10.79,20.5,89,0.00,0
3.184,-2.34,2.34,-0.12,14.56,18.93,-16.50,0.0,13.84,-3.15,14.28,14.64,82.8,0.56,1059.8,14.31,190,1.000,0.00,0.00,20.0,0.0,0.00,0.00,1.000,1104,1155,71.8,6,16.00,3.53,59,30.73,32.07,2.08,9.83,212,0.0,15.50,3309,106.64,0.89,0.000,28.91,10.78,20.5,89,0.00,0
3.210,-2.34,2.34,0.00,14.71,19.81,-15.88,0.0,13.76,-3.11,14.28,14.64,83.6,0.56,1059.8,14.31,190,1.000,0.00,0.00,20.0,0.0,0.00,0.00,1.000,1192,1155,71.8,6,16.00,3.53,59,30.84,31.24,2.06,9.85,212,0.0,15.50,3308,106.97,0.87,0.000,28.91,10.80,20.5,89,0.00,0
3.235,-2.34,2.34,0.00,14.85,19.84,-15.88,0.0,13.84,-3.10,14.28,14.64,83.6,0.56,1059.7,14.31,190,1.000,0.00,0.00,20.0,0.0,0.00,0.00,1.000,1204,1247,71.8,6,16.00,3.52,59,31.01,33.75,2.06,9.95,212,0.0,15.50,3304,107.14,0.90,0.000,38.28,10.84,20.5,89,0.00,0
3.267,-2.34,2.34,0.00,14.99,19.82,-15.88,0.0,13.84,-3.11,14.28,14.64,83.6,0.56,1059.7,14.31,190,1.000,0.00,0.00,20.0,0.0,0.00,0.00,1.000,1258,1247,71.8,6,16.00,3.53,59,31.22,33.96,2.12,9.98,212,0.0,15.50,3307,108.19,0.91,0.000,40.62,10.85,20.5,88,0.00,0
3.286,-2.34,2.34,0.00,15.08,19.83,-15.88,0.0,13.84,-3.09,14.28,14.64,83.6,0.56,1059.7,14.31,190,1.000,0.00,0.00,20.0,0.0,0.00,0.00,1.000,1321,1247,71.8,6,16.00,3.53,59,31.40,32.28,2.12,9.84,212,0.0,15.50,3310,108.71,0.95,0.000,40.62,10.91,20.5,88,0.00,0
3.309,-2.34,2.34,0.00,15.21,20.68,-15.25,0.0,13.60,-3.06,14.28,14.64,83.6,0.57,1059.7,14.31,190,1.000,0.00,0.00,20.0,0.0,0.00,0.00,1.000,1221,1247,71.8,6,16.00,3.53,59,31.54,33.54,2.10,9.91,212,0.0,15.50,3307,109.08,0.97,0.000,22.66,10.95,20.5,88,0.00,0
3.344,-2.34,2.34,0.00,15.21,20.69,-15.25,0.0,13.60,-3.04,14.28,14.64,83.6,0.57,1059.7,14.31,190,1.000,0.00,0.00,20.0,0.0,0.00,0.00,1.000,1255,1247,71.8,6,16.00,3.53,59,31.67,30.82,2.10,10.05,212,0.0,15.50,3307,109.25,0.98,0.000,22.66,10.98,20.5,88,0.00,0
3.374,-2.34,2.34,0.00,15.27,20.66,-15.26,0.0,13.68,-3.05,14.28,14.64,84.0,0.57,1059.7,14.31,190,1.000,0.00,0.00,20.0,0.0,0.00,0.00,1.000,1199,1247,71.8,6,16.00,3.53,59,31.84,30.62,2.10,9.99,212,0.0,15.50,3309,109.59,0.99,0.000,30.47,10.99,20.5,88,0.00,0
3.405,-2.34,2.34,0.12,15.28,20.69,-15.25,0.0,13.84,-3.00,14.28,14.64,84.0,0.57,1059.7,14.31,190,1.000,0.00,0.00,20.0,0.0,0.00,0.00,1.000,1260,1247,71.8,6,16.00,3.53,59,31.75,32.28,2.06,9.92,212,0.0,15.50,3306,109.78,0.97,0.000,28.12,11.01,20.5,88,0.00,0
3.421,-2.34,2.34,0.12,15.25,20.71,-15.25,0.0,13.84,-2.98,14.28,14.64,84.0,0.57,1059.7,14.31,190,1.000,0.00,0.00,20.0,0.0,0.00,0.00,1.000,1260,1247,71.8,6,16.00,3.53,59,31.84,32.90,2.06,10.10,212,0.0,15.50,3306,109.94,0.97,0.000,28.12,11.04,20.5,88,0.00,0
3.454,-2.34,2.34,0.12,15.25,20.68,-15.25,0.0,13.84,-2.98,14.28,14.64,83.6,0.57,1059.7,14.31,190,1.000,0.00,0.00,20.0,0.0,0.00,0.00,1.000,1201,1247,71.8,6,16.00,3.53,59,31.94,29.45,2.08,10.13,212,0.0,15.50,3309,110.31,0.97,0.000,39.06,11.05,20.5,88,0.00,0
3.485,-2.34,2.34,0.12,15.30,20.68,-15.25,0.0,13.68,-2.97,14.28,14.64,83.6,0.57,1059.7,14.31,190,1.000,0.00,0.00,20.0,0.0,0.00,0.00,1.000,1228,1247,71.8,6,16.00,3.53,59,31.86,35.02,2.10,9.99,212,0.0,15.50,3308,110.47,1.01,0.000,27.34,11.07,20.9,88,0.00,0
3.514,-2.34,2.34,0.12,15.23,20.68,-15.25,0.0,13.68,-2.92,14.28,14.64,83.6,0.57,1059.7,14.31,190,1.000,0.00,0.00,20.0,0.0,0.00,0.00,1.000,1218,1247,71.8,6,16.00,3.53,59,32.00,31.66,2.10,10.13,212,0.0,15.50,3308,110.84,0.97,0.000,27.34,11.09,20.9,88,0.00,0
3.529,-2.34,2.34,0.00,15.23,20.68,-15.25,0.0,13.68,-2.92,14.28,14.64,83.2,0.57,1059.7,14.31,190,1.000,0.00,0.00,20.0,0.0,0.00,0.00,1.000,1188,1247,71.8,6,16.00,3.53,59,32.08,33.75,2.06,10.19,212,0.0,15.50,3308,111.00,0.97,0.000,31.25,11.11,20.5,88,0.00,0
3.563,-2.34,2.34,0.12,15.26,20.66,-15.26,0.0,13.84,-2.91,14.28,14.64,83.2,0.58,1059.6,14.31,190,1.000,0.00,0.00,20.0,0.0,0.00,0.00,1.000,1228,1247,71.8,6,16.00,3.53,59,32.18,34.38,2.10,10.14,212,0.0,15.00,3308,111.19,0.98,0.000,39.06,11.11,20.9,89,0.00,0
3.596,-2.34,2.34,0.12,15.32,21.54,-14.64,0.0,13.84,-2.88,14.28,14.64,83.2,0.58,1059.6,14.31,190,1.000,0.00,0.00,20.0,0.0,0.00,0.00,1.000,1290,1247,71.8,6,16.00,3.53,59,32.42,35.23,2.10,10.06,212,0.0,15.00,3310,110.45,0.93,0.000,39.06,11.09,20.9,89,0.00,0
3.616,7.81,2.34,0.12,15.38,21.52,-14.64,0.0,13.92,-2.87,14.28,14.64,84.0,0.58,1059.6,14.31,190,1.000,0.00,0.00,20.0,0.0,0.00,0.00,1.000,1233,1247,71.8,6,15.50,4.24,59,32.60,34.60,2.14,10.19,212,0.0,15.00,3312,110.44,0.89,0.000,34.38,11.07,20.9,89,0.00,0
3.638,7.81,2.34,0.12,15.22,21.56,-14.64,0.0,13.76,-2.89,14.28,14.64,84.0,0.58,1059.6,14.31,190,1.000,0.00,0.00,20.0,0.0,0.00,0.00,1.000,1291,1247,71.8,6,15.50,4.24,59,32.74,34.60,2.14,10.14,212,0.0,15.00,3308,110.60,0.93,0.000,30.47,11.09,20.5,89,0.00,0
3.673,7.81,2.34,0.12,15.07,22.44,-14.01,0.0,13.76,-2.90,14.28,14.64,84.0,0.59,1059.6,14.31,190,1.000,0.00,0.00,20.0,0.0,0.00,0.00,1.000,1273,1247,71.8,6,15.50,4.24,59,32.85,34.38,2.14,10.12,212,0.0,15.00,3307,110.93,0.95,0.000,30.47,11.10,20.5,89,0.00,0
3.688,7.81,2.34,0.00,14.75,22.44,-14.01,0.0,13.76,-2.86,14.28,14.64,82.8,0.59,1059.6,14.31,190,1.000,0.00,0.00,20.0,0.0,0.00,0.00,1.000,1347,1247,71.8,6,15.50,4.23,59,32.92,33.54,2.08,10.10,212,0.0,15.00,3307,111.83,0.93,0.000,27.34,11.11,20.9,88,0.00,0
3.723,7.81,2.34,0.00,14.68,22.43,-14.02,0.0,13.60,-2.86,14.28,14.64,82.8,0.59,1059.5,14.31,190,1.000,0.00,0.00,20.0,0.0,0.00,0.00,1.000,1312,1247,71.8,6,15.50,4.23,59,33.00,33.11,2.10,10.20,212,0.0,15.00,3307,111.62,0.98,0.000,32.03,11.18,20.9,88,0.00,0
3.753,7.81,2.34,0.00,14.58,22.41,-14.02,0.0,13.60,-2.85,14.28,14.64,82.8,0.59,1059.5,14.31,190,1.000,0.00,0.00,20.0,0.0,0.00,0.00,1.000,1275,1340,71.8,6,15.50,4.23,59,33.26,33.75,2.10,10.19,212,0.0,15.00,3308,112.34,1.01,0.000,32.03,11.21,20.9,88,0.00,0
3.764,7.81,2.34,0.00,14.50,22.42,-14.02,0.0,13.84,-2.83,14.28,14.64,83.2,0.59,1059.5,14.31,190,1.000,0.00,0.00,20.0,0.0,0.00,0.00,1.000,1349,1340,71.8,6,15.50,4.23,59,33.26,33.54,2.08,10.11,212,0.0,15.00,3307,113.04,1.05,0.000,39.84,11.24,20.9,88,0.00,0
3.802,7.81,2.34,-0.12,14.45,22.45,-14.01,0.0,13.84,-2.79,14.28,14.64,83.2,0.59,1059.5,14.31,190,1.000,0.00,0.00,20.0,0.0,0.00,0.00,1.000,1351,1340,71.8,6,15.50,4.23,59,33.36,35.65,2.16,10.21,212,0.0,15.00,3307,113.20,1.04,0.000,34.38,11.27,20.9,88,0.00,0
3.817,7.81,2.34,-0.12,14.34,23.31,-13.40,0.0,13.84,-2.76,14.28,14.64,83.2,0.61,1059.5,14.31,190,1.000,0.00,0.00,20.0,0.0,0.00,0.00,1.000,1331,1340,71.8,6,15.50,4.23,59,33.59,33.11,2.16,10.32,212,0.0,15.00,3309,113.36,1.01,0.000,34.38,11.29,20.9,88,0.00,0
3.847,7.81,2.34,-0.12,14.30,23.30,-13.40,0.0,13.84,-2.74,14.28,14.64,83.2,0.61,1059.5,14.31,190,1.000,0.00,0.00,20.0,0.0,0.00,0.00,1.000,1308,1340,71.8,6,15.50,4.24,59,33.70,35.02,2.14,10.31,212,0.0,15.00,3309,113.00,1.02,0.000,41.41,11.30,21.3,89,0.00,0
3.887,7.81,2.34,-0.12,14.28,23.32,-13.39,0.0,13.76,-2.72,14.28,14.64,83.2,0.61,1059.5,14.31,190,1.000,0.00,0.00,20.0,0.0,0.00,0.00,1.000,1367,1340,71.8,6,15.50,4.23,59,33.82,35.02,2.16,10.23,212,0.0,15.00,3308,112.81,0.97,0.000,34.38,11.27,20.9,89,0.00,0
3.895,7.81,2.34,-0.12,14.26,23.27,-13.41,0.0,13.76,-2.67,14.28,14.64,83.2,0.61,1059.5,14.31,190,1.000,0.00,0.00,20.0,0.0,0.00,0.00,1.000,1369,1340,71.8,6,15.50,4.23,59,33.98,36.74,2.16,10.33,212,0.0,15.00,3312,112.80,0.89,0.000,34.38,11.25,20.9,89,0.00,0
3.923,7.81,2.34,-0.25,14.25,23.24,-13.42,0.0,13.68,-2.65,14.28,14.64,83.6,0.61,1059.5,14.31,190,1.000,0.00,0.00,20.0,0.0,0.00,0.00,1.000,1376,1340,71.8,6,15.50,4.24,59,34.07,33.11,2.08,10.43,212,0.0,15.00,3314,112.96,0.82,0.000,28.91,11.23,20.9,89,0.00,0
